url	http	redirects	final_url	bytes	title	description	og_title	og_image	canonical	robots	h1_count	jsonld
/	200	0		77827	SVIT Vasad — Sardar Vallabhbhai Institute of Technology	AICTE-approved engineering, management and applied sciences programmes on a 15-acre campus in Vasad, Gujarat. 95% placements, modern labs, vibrant campus life.	SVIT Vasad — Institute of Technology	https://agezrfclusigfqysbxwb.supabase.co/storage/v1/object/public/media/logos/svit.png			1	0
/about	200	1	/about/history-vision-mission	46595	History, Vision &amp; Mission — SVIT Vasad	SVIT Vasad&#x27;s history and milestones since 1997, our vision, mission and core values.	About SVIT Vasad	https://agezrfclusigfqysbxwb.supabase.co/storage/v1/object/public/media/logos/svit.png			1	0
/about/accreditation	200	0		73174	Accreditation &amp; Compliance — SVIT Vasad	SVIT Vasad&#x27;s accreditations, approvals, academic regulations, mandatory disclosures and industry MOUs.	About SVIT Vasad	https://agezrfclusigfqysbxwb.supabase.co/storage/v1/object/public/media/logos/svit.png			1	0
/about/board-of-management	200	0		46676	Board of Management — SVIT Vasad	The trustees guiding SVIT Vasad&#x27;s Board of Management.	About SVIT Vasad	https://agezrfclusigfqysbxwb.supabase.co/storage/v1/object/public/media/logos/svit.png			1	0
/about/chairman-message	200	0		45023	Chairman&#x27;s Message — SVIT Vasad	Messages from the Chairman and Principal of SVIT Vasad.	About SVIT Vasad	https://agezrfclusigfqysbxwb.supabase.co/storage/v1/object/public/media/logos/svit.png			1	0
/about/committees	200	0		51422	SVIT Committees — SVIT Vasad	Governance committees at SVIT Vasad: Women Development Cell, Grievance Redressal, IQAC and more.	About SVIT Vasad	https://agezrfclusigfqysbxwb.supabase.co/storage/v1/object/public/media/logos/svit.png			1	0
/about/facilities	200	0		52440	Central Facilities — SVIT Vasad	SVIT Vasad&#x27;s campus facilities: library, scholarships, sports, NSS/NCC, hostels, transport, IT and medical care.	About SVIT Vasad	https://agezrfclusigfqysbxwb.supabase.co/storage/v1/object/public/media/logos/svit.png			1	0
/about/history-vision-mission	200	0		46595	History, Vision &amp; Mission — SVIT Vasad	SVIT Vasad&#x27;s history and milestones since 1997, our vision, mission and core values.	About SVIT Vasad	https://agezrfclusigfqysbxwb.supabase.co/storage/v1/object/public/media/logos/svit.png			1	0
/about/media	200	0		44950	SVIT Media — SVIT Vasad	SVIT Vasad in the news, our publications, campus gallery and social media channels.	About SVIT Vasad	https://agezrfclusigfqysbxwb.supabase.co/storage/v1/object/public/media/logos/svit.png			1	0
/admissions	200	0		41273	Admissions 2026-27 — SVIT Vasad	How to apply, eligibility, fees, scholarships and FAQs for admissions at SVIT Vasad.	SVIT Vasad — Institute of Technology	https://agezrfclusigfqysbxwb.supabase.co/storage/v1/object/public/media/logos/svit.png			1	0
/admissions/inquiry	200	0		37968	Admission Inquiry — SVIT Vasad	Submit an admission enquiry for 2026-27 at SVIT Vasad.	SVIT Vasad — Institute of Technology	https://agezrfclusigfqysbxwb.supabase.co/storage/v1/object/public/media/logos/svit.png			1	0
/admissions/intake-fees	200	0		44507	Intake &amp; Fees 2026-27 — SVIT Vasad	Programme-wise annual intake and tuition fees per semester across all colleges at SVIT Vasad.	SVIT Vasad — Institute of Technology	https://agezrfclusigfqysbxwb.supabase.co/storage/v1/object/public/media/logos/svit.png			1	0
/admissions/scholarships	200	0		27941	Scholarships — SVIT Vasad	Merit, need-based, government and sports scholarships available at SVIT Vasad.	SVIT Vasad — Institute of Technology	https://agezrfclusigfqysbxwb.supabase.co/storage/v1/object/public/media/logos/svit.png			1	0
/alumni	200	0		36675	Alumni Network — SVIT Vasad	AICTE-approved engineering, management and applied sciences programmes on a 15-acre campus in Vasad, Gujarat. 95% placements, modern labs, vibrant campus life.	SVIT Vasad — Institute of Technology	https://agezrfclusigfqysbxwb.supabase.co/storage/v1/object/public/media/logos/svit.png			1	0
/anti-ragging	200	0		28687	Anti-Ragging — SVIT Vasad	AICTE-approved engineering, management and applied sciences programmes on a 15-acre campus in Vasad, Gujarat. 95% placements, modern labs, vibrant campus life.	SVIT Vasad — Institute of Technology	https://agezrfclusigfqysbxwb.supabase.co/storage/v1/object/public/media/logos/svit.png			1	0
/campus	200	0		76499	Explore The Campus — SVIT Vasad	AICTE-approved engineering, management and applied sciences programmes on a 15-acre campus in Vasad, Gujarat. 95% placements, modern labs, vibrant campus life.	SVIT Vasad — Institute of Technology	https://agezrfclusigfqysbxwb.supabase.co/storage/v1/object/public/media/logos/svit.png			1	0
/campus-life	200	0		88684	Campus Life Overview — SVIT Vasad	An overview of facilities, clubs and flagship events at SVIT Vasad.	SVIT Vasad — Institute of Technology	https://agezrfclusigfqysbxwb.supabase.co/storage/v1/object/public/media/logos/svit.png			1	0
/campus-life/clubs	200	0		49700	Student Clubs — SVIT Vasad	Student clubs and communities at SVIT Vasad.	SVIT Vasad — Institute of Technology	https://agezrfclusigfqysbxwb.supabase.co/storage/v1/object/public/media/logos/svit.png			1	0
/campus-life/clubs/3d-printing-club	200	0		45046	3D Printing Club — Clubs — SVIT Vasad	The 3D Printing Club promotes additive manufacturing and design competitions. Students learn CAD design, prototyping, and participate in design challenges 	SVIT Vasad — Institute of Technology	https://agezrfclusigfqysbxwb.supabase.co/storage/v1/object/public/media/logos/svit.png			1	0
/campus-life/clubs/3d-printing-club/events	200	0		44277	3D Printing Club — Events — SVIT Vasad	Facilities, clubs and events that make SVIT more than a college.	SVIT Vasad — Institute of Technology	https://agezrfclusigfqysbxwb.supabase.co/storage/v1/object/public/media/logos/svit.png			1	0
/campus-life/clubs/aero-slug-test	200	0		53309	aero club test  — Clubs — SVIT Vasad	aero club that teaches students to make drone tech	SVIT Vasad — Institute of Technology	https://agezrfclusigfqysbxwb.supabase.co/storage/v1/object/public/media/logos/svit.png			1	0
/campus-life/clubs/aero-slug-test/events	200	0		46895	aero club test  — Events — SVIT Vasad	Facilities, clubs and events that make SVIT more than a college.	SVIT Vasad — Institute of Technology	https://agezrfclusigfqysbxwb.supabase.co/storage/v1/object/public/media/logos/svit.png			1	0
/campus-life/clubs/aim-club	200	0		45017	AIM Club — Clubs — SVIT Vasad	Automation, Invention &amp; Manufacturing (AIM) Club is a multi-department initiative focusing on 3D printing, HVAC, robotics and multidisciplinary projects th	SVIT Vasad — Institute of Technology	https://agezrfclusigfqysbxwb.supabase.co/storage/v1/object/public/media/logos/svit.png			1	0
/campus-life/clubs/aim-club/events	200	0		44217	AIM Club — Events — SVIT Vasad	Facilities, clubs and events that make SVIT more than a college.	SVIT Vasad — Institute of Technology	https://agezrfclusigfqysbxwb.supabase.co/storage/v1/object/public/media/logos/svit.png			1	0
/campus-life/clubs/coding-club	200	0		44962	Coding Club — Clubs — SVIT Vasad	The Coding Club focuses on web development, debugging, hackathons and IT trends. Organizes Python/C workshops, CYCLONE coding events, and web design compet	SVIT Vasad — Institute of Technology	https://agezrfclusigfqysbxwb.supabase.co/storage/v1/object/public/media/logos/svit.png			1	0
/campus-life/clubs/coding-club/events	200	0		44210	Coding Club — Events — SVIT Vasad	Facilities, clubs and events that make SVIT more than a college.	SVIT Vasad — Institute of Technology	https://agezrfclusigfqysbxwb.supabase.co/storage/v1/object/public/media/logos/svit.png			1	0
/campus-life/clubs/coe-iot	200	0		44996	CoE-IoT — Clubs — SVIT Vasad	Center of Excellence in IoT, supported by SAP with a ₹20 lakh investment. Runs the Code Unnati Program training students from IT, Computer and EC branches 	SVIT Vasad — Institute of Technology	https://agezrfclusigfqysbxwb.supabase.co/storage/v1/object/public/media/logos/svit.png			1	0
/campus-life/clubs/coe-iot/events	200	0		44204	CoE-IoT — Events — SVIT Vasad	Facilities, clubs and events that make SVIT more than a college.	SVIT Vasad — Institute of Technology	https://agezrfclusigfqysbxwb.supabase.co/storage/v1/object/public/media/logos/svit.png			1	0
/campus-life/clubs/flysky-aero-modelling	200	0		45099	FlySky Aero Modelling Club — Clubs — SVIT Vasad	FlySky covers non-powered and powered aero models, drones, and rockets. Members build and fly RC aircraft, quadcopters and model rockets, participating in 	SVIT Vasad — Institute of Technology	https://agezrfclusigfqysbxwb.supabase.co/storage/v1/object/public/media/logos/svit.png			1	0
/campus-life/clubs/flysky-aero-modelling/events	200	0		44346	FlySky Aero Modelling Club — Events — SVIT Vasad	Facilities, clubs and events that make SVIT more than a college.	SVIT Vasad — Institute of Technology	https://agezrfclusigfqysbxwb.supabase.co/storage/v1/object/public/media/logos/svit.png			1	0
/campus-life/clubs/gdsc-svit	200	0		48159	GDSC SVIT — Clubs — SVIT Vasad	Google Developer Student Club (GDSC) SVIT — 112+ student members learning Android development, Kotlin, Firebase and mobile app development through workshop	SVIT Vasad — Institute of Technology	https://agezrfclusigfqysbxwb.supabase.co/storage/v1/object/public/media/logos/svit.png			1	0
/campus-life/clubs/gdsc-svit/events	200	0		45110	GDSC SVIT — Events — SVIT Vasad	Facilities, clubs and events that make SVIT more than a college.	SVIT Vasad — Institute of Technology	https://agezrfclusigfqysbxwb.supabase.co/storage/v1/object/public/media/logos/svit.png			1	0
/campus-life/clubs/isa-student-section	200	0		45120	ISA Student Section — Clubs — SVIT Vasad	ISA (Instrumentation and Control) Student Section at SVIT, active for 12+ years with 40 active members and 500+ students benefited. Organizes SPI-Intool wo	SVIT Vasad — Institute of Technology	https://agezrfclusigfqysbxwb.supabase.co/storage/v1/object/public/media/logos/svit.png			1	0
/campus-life/clubs/isa-student-section/events	200	0		44333	ISA Student Section — Events — SVIT Vasad	Facilities, clubs and events that make SVIT more than a college.	SVIT Vasad — Institute of Technology	https://agezrfclusigfqysbxwb.supabase.co/storage/v1/object/public/media/logos/svit.png			1	0
/campus-life/clubs/ishrae-student-chapter	200	0		45109	ISHRAE Student Chapter — Clubs — SVIT Vasad	ISHRAE (Indian Society of Heating, Refrigerating and Air Conditioning Engineers) student chapter organizes ACREX INDIA exhibitions, training programs, and 	SVIT Vasad — Institute of Technology	https://agezrfclusigfqysbxwb.supabase.co/storage/v1/object/public/media/logos/svit.png			1	0
/campus-life/clubs/ishrae-student-chapter/events	200	0		44344	ISHRAE Student Chapter — Events — SVIT Vasad	Facilities, clubs and events that make SVIT more than a college.	SVIT Vasad — Institute of Technology	https://agezrfclusigfqysbxwb.supabase.co/storage/v1/object/public/media/logos/svit.png			1	0
/campus-life/clubs/praxis	200	0		44614	praxis — Clubs — SVIT Vasad	nakul bhai murdabad 	SVIT Vasad — Institute of Technology	https://agezrfclusigfqysbxwb.supabase.co/storage/v1/object/public/media/logos/svit.png			1	0
/campus-life/clubs/praxis/events	200	0		44146	praxis — Events — SVIT Vasad	Facilities, clubs and events that make SVIT more than a college.	SVIT Vasad — Institute of Technology	https://agezrfclusigfqysbxwb.supabase.co/storage/v1/object/public/media/logos/svit.png			1	0
/campus-life/clubs/robotics-research-centre	200	0		45091	Robotics Research Centre (RRC) — Clubs — SVIT Vasad	Established in 2018, RRC works on mobile robots, gesture-controlled robots, and underwater robots. Collaborates with Sak-Robotics Lab and e-yantra IIT Bomb	SVIT Vasad — Institute of Technology	https://agezrfclusigfqysbxwb.supabase.co/storage/v1/object/public/media/logos/svit.png			1	0
/campus-life/clubs/robotics-research-centre/events	200	0		44361	Robotics Research Centre (RRC) — Events — SVIT Vasad	Facilities, clubs and events that make SVIT more than a college.	SVIT Vasad — Institute of Technology	https://agezrfclusigfqysbxwb.supabase.co/storage/v1/object/public/media/logos/svit.png			1	0
/campus-life/events	200	0		50797	Events — SVIT Vasad	TEDx, Prakarsh, Spandan, Malhar and other flagship events at SVIT Vasad.	SVIT Vasad — Institute of Technology	https://agezrfclusigfqysbxwb.supabase.co/storage/v1/object/public/media/logos/svit.png			1	0
/campus-life/events/industrial-visit-fcc-2025	200	0		46039	Industrial Visit — Fineline Circuit Company — Events — SVIT Vasad	The Electronics &amp; Communication Engineering Department of SVIT Vasad organized an industrial visit to Fineline Circuit Company (FCC) on March 18, 2025, for	SVIT Vasad — Institute of Technology	https://agezrfclusigfqysbxwb.supabase.co/storage/v1/object/public/media/logos/svit.png			1	0
/campus-life/events/malhar	200	0		48543	Malhar — Annual Day — Events — SVIT Vasad	Malhar is SVIT&#x27;s vibrant annual celebration — a showcase of music, dance, drama and sports talent organized by the Students&#x27; Central Committee. The committ	SVIT Vasad — Institute of Technology	https://agezrfclusigfqysbxwb.supabase.co/storage/v1/object/public/media/logos/svit.png			1	0
/campus-life/events/mou-akash-technolabs-2025	200	0		45995	MOU with Akash Technolabs — Events — SVIT Vasad	A proud moment as the Computer Engineering Department of SVIT-VASAD and Akash Technolabs, Ahmedabad officially signed an MoU on 15th April 2025. This colla	SVIT Vasad — Institute of Technology	https://agezrfclusigfqysbxwb.supabase.co/storage/v1/object/public/media/logos/svit.png			1	0
/campus-life/events/nba-accreditation-civil-mech-2023	200	0		45928	NBA Accreditation — Civil &amp; Mechanical — Events — SVIT Vasad	The Department of Civil Engineering and Department of Mechanical Engineering of SVIT-VASAD has been accredited by NBA, New Delhi for three years, 2023-24 t	SVIT Vasad — Institute of Technology	https://agezrfclusigfqysbxwb.supabase.co/storage/v1/object/public/media/logos/svit.png			1	0
/campus-life/events/placement-grooming-it-2025	200	0		45897	Placement Grooming Session — Events — SVIT Vasad	The Training &amp; Placement Cell, IT Department, organized an expert session on &quot;Placement Grooming and the Importance of Mock Placement&quot; for 4th and 6th seme	SVIT Vasad — Institute of Technology	https://agezrfclusigfqysbxwb.supabase.co/storage/v1/object/public/media/logos/svit.png			1	0
/campus-life/events/prakarsh	200	0		48758	Prakarsh — Techfest &amp; Talkfest — Events — SVIT Vasad	Prakarsh is SVIT&#x27;s flagship national-level Techfest &amp; Talkfest, organized under the aegis of ISTE. About 3500 students from 80+ engineering colleges across	SVIT Vasad — Institute of Technology	https://agezrfclusigfqysbxwb.supabase.co/storage/v1/object/public/media/logos/svit.png			1	0
/campus-life/events/spark	200	0		48374	Spandan — Events — SVIT Vasad	Spandan is SVIT&#x27;s one-day inter-department cultural festival held every odd semester, giving newly admitted students a platform to showcase their talent al	SVIT Vasad — Institute of Technology	https://agezrfclusigfqysbxwb.supabase.co/storage/v1/object/public/media/logos/svit.png			1	0
/campus-life/events/tedx	200	0		48609	TEDx SVIT Vasad — Events — SVIT Vasad	TEDxSVIT Vasad brings speakers from diverse domains — science, arts, industry and civic life — to share ideas worth spreading. The September 2023 edition o	SVIT Vasad — Institute of Technology	https://agezrfclusigfqysbxwb.supabase.co/storage/v1/object/public/media/logos/svit.png			1	0
/campus-life/events/xitij-gtu-cultural-fest	200	0		45983	Xitij — GTU Cultural Festival — Events — SVIT Vasad	Xitij is a cultural youth festival conducted annually by Gujarat Technological University (GTU). SVIT students participate in 25+ competitions across Music	SVIT Vasad — Institute of Technology	https://agezrfclusigfqysbxwb.supabase.co/storage/v1/object/public/media/logos/svit.png			1	0
/campus-life/facilities	200	0		64508	Facilities — Campus Life — SVIT Vasad	Academic and sports facilities across the SVIT Vasad campus.	SVIT Vasad — Institute of Technology	https://agezrfclusigfqysbxwb.supabase.co/storage/v1/object/public/media/logos/svit.png			1	0
/campus-life/facilities/ac-smart-classes	200	0		35275	AC Smart Classrooms — Facilities — SVIT Vasad	Air-conditioned smart classrooms with interactive displays, digital podiums and campus-wide Wi-Fi. Lectures can be recorded and shared with students for re	SVIT Vasad — Institute of Technology	https://agezrfclusigfqysbxwb.supabase.co/storage/v1/object/public/media/logos/svit.png			1	0
/campus-life/facilities/airplane-lab	200	0		33006	airplane lab — Facilities — SVIT Vasad	description	SVIT Vasad — Institute of Technology	https://agezrfclusigfqysbxwb.supabase.co/storage/v1/object/public/media/logos/svit.png			1	0
/campus-life/facilities/badminton	200	0		35016	Badminton Courts — Facilities — SVIT Vasad	Indoor badminton courts with wooden flooring and adequate lighting for practice and tournaments.	SVIT Vasad — Institute of Technology	https://agezrfclusigfqysbxwb.supabase.co/storage/v1/object/public/media/logos/svit.png			1	0
/campus-life/facilities/basketball	200	0		34953	Basketball Court — Facilities — SVIT Vasad	Full-size outdoor basketball court with flood-lighting for evening practice.	SVIT Vasad — Institute of Technology	https://agezrfclusigfqysbxwb.supabase.co/storage/v1/object/public/media/logos/svit.png			1	0
/campus-life/facilities/carrom	200	0		34952	Carrom Room — Facilities — SVIT Vasad	Recreational carrom lounge for informal play between classes and during hostel evenings.	SVIT Vasad — Institute of Technology	https://agezrfclusigfqysbxwb.supabase.co/storage/v1/object/public/media/logos/svit.png			1	0
/campus-life/facilities/chess	200	0		34912	Chess Room — Facilities — SVIT Vasad	Dedicated chess room with boards, clocks and quiet study atmosphere for tournament practice.	SVIT Vasad — Institute of Technology	https://agezrfclusigfqysbxwb.supabase.co/storage/v1/object/public/media/logos/svit.png			1	0
/campus-life/facilities/cricket	200	0		35046	Cricket Ground — Facilities — SVIT Vasad	Cricket ground with turf pitches and dedicated net practice area for batting and bowling drills.	SVIT Vasad — Institute of Technology	https://agezrfclusigfqysbxwb.supabase.co/storage/v1/object/public/media/logos/svit.png			1	0
/campus-life/facilities/football	200	0		35024	Football Ground — Facilities — SVIT Vasad	Full-size football ground used for practice, inter-department leagues and inter-college tournaments.	SVIT Vasad — Institute of Technology	https://agezrfclusigfqysbxwb.supabase.co/storage/v1/object/public/media/logos/svit.png			1	0
/campus-life/facilities/labs	200	0		35350	Engineering Labs — Facilities — SVIT Vasad	Well-equipped engineering laboratories across every department — from software and networking labs to workshops, thermal, structures, VLSI, and process-con	SVIT Vasad — Institute of Technology	https://agezrfclusigfqysbxwb.supabase.co/storage/v1/object/public/media/logos/svit.png			1	0
/campus-life/facilities/library	200	0		35240	Central Library — Facilities — SVIT Vasad	A digital-first central library with 30,000+ titles, subscribed e-journals (IEEE, ASME, Springer, Elsevier) and dedicated reading zones for individual and 	SVIT Vasad — Institute of Technology	https://agezrfclusigfqysbxwb.supabase.co/storage/v1/object/public/media/logos/svit.png			1	0
/campus-life/facilities/main-campus	200	0		32188	Main Campus — Facilities — SVIT Vasad		SVIT Vasad — Institute of Technology	https://agezrfclusigfqysbxwb.supabase.co/storage/v1/object/public/media/logos/svit.png			1	0
/campus-life/facilities/pickle	200	0		34895	Pickleball Court — Facilities — SVIT Vasad	Dedicated pickleball court supporting the fastest-growing racquet sport on campus.	SVIT Vasad — Institute of Technology	https://agezrfclusigfqysbxwb.supabase.co/storage/v1/object/public/media/logos/svit.png			1	0
/campus-life/facilities/table-tennis	200	0		34909	Table Tennis — Facilities — SVIT Vasad	Indoor hall with multiple TT tables for concurrent practice and doubles matches.	SVIT Vasad — Institute of Technology	https://agezrfclusigfqysbxwb.supabase.co/storage/v1/object/public/media/logos/svit.png			1	0
/campus-life/facilities/volley	200	0		34965	Volleyball Court — Facilities — SVIT Vasad	Volleyball facilities with both sand and hard-court options for casual and competitive play.	SVIT Vasad — Institute of Technology	https://agezrfclusigfqysbxwb.supabase.co/storage/v1/object/public/media/logos/svit.png			1	0
/campus-life/facilities/weightlifting	200	0		35073	Weightlifting &amp; Gym — Facilities — SVIT Vasad	Campus gym with weightlifting, cardio and functional-training equipment supervised by trained staff.	SVIT Vasad — Institute of Technology	https://agezrfclusigfqysbxwb.supabase.co/storage/v1/object/public/media/logos/svit.png			1	0
/careers	200	0		34254	Careers at SVIT Vasad	AICTE-approved engineering, management and applied sciences programmes on a 15-acre campus in Vasad, Gujarat. 95% placements, modern labs, vibrant campus life.	SVIT Vasad — Institute of Technology	https://agezrfclusigfqysbxwb.supabase.co/storage/v1/object/public/media/logos/svit.png			1	0
/colleges	200	0		34545	Our Institutes — SVIT Group	Explore the four constituent colleges of the SVIT Group — SVIT, SVICA, SVION, and SVIT COA.	Our Institutes — SVIT Group	https://agezrfclusigfqysbxwb.supabase.co/storage/v1/object/public/media/logos/svit.png			1	0
/colleges/svica	200	0		47341	Sardar Vallabhbhai Patel Institute of Computer Applications (SVICA) — SVIT Group	SVICA — Shaping Careers in Computer Applications. SVICA offers industry-aligned BCA and B.Sc IT programmes with strong foundations in programming, data, and modern software engineering.	Sardar Vallabhbhai Patel Institute of Computer Applications (SVICA) — SVIT Group	https://agezrfclusigfqysbxwb.supabase.co/storage/v1/object/public/media/logos/svit.png			1	0
/colleges/svion	200	0		47984	Sardar Vallabhbhai Patel Institute of Nursing (SVION) — SVIT Group	SVION — Nursing Excellence, Compassion in Care. SVION trains skilled, compassionate nursing professionals through hands-on clinical practice and mentorship by senior healthcare educators.	Sardar Vallabhbhai Patel Institute of Nursing (SVION) — SVIT Group	https://agezrfclusigfqysbxwb.supabase.co/storage/v1/object/public/media/logos/svit.png			1	0
/colleges/svit-coa	200	0		47948	College Of Architecture (COA) — SVIT Group	COA — Designing Spaces, Building Futures. A COA-approved architecture school with design studios, workshops, and heritage &amp; sustainability electives that shape thoughtful, responsible architects.	College Of Architecture (COA) — SVIT Group	https://agezrfclusigfqysbxwb.supabase.co/storage/v1/object/public/media/logos/svit.png			1	0
/colleges/svit-degree	200	0		68702	Sardar Vallabhbhai Patel Institute of Technology (SVIT) — SVIT Group	SVIT — Engineering Tomorrow&#x27;s Innovators. The flagship institute of the SVIT Group — offering AICTE-approved Engineering, Diploma, MBA and MCA programmes with 95%+ placement across 200+ recruiting partners.	Sardar Vallabhbhai Patel Institute of Technology (SVIT) — SVIT Group	https://agezrfclusigfqysbxwb.supabase.co/storage/v1/object/public/media/logos/svit.png			1	0
/courses	200	0		45524	Our Courses — SVIT Vasad	Explore engineering, MBA, MCA, BBA, B.Sc, architecture and diploma programmes at SVIT Vasad.	SVIT Vasad — Institute of Technology	https://agezrfclusigfqysbxwb.supabase.co/storage/v1/object/public/media/logos/svit.png			1	0
/courses/architecture	200	0		37570	Architecture — SVIT Vasad	COA-approved architecture programme with design studios, urban planning exposure, and heritage conservation electives.	SVIT Vasad — Institute of Technology	https://agezrfclusigfqysbxwb.supabase.co/storage/v1/object/public/media/logos/svit.png			1	0
/courses/architecture/faculty	404	0		38051	Architecture — SVIT Vasad	COA-approved architecture programme with design studios, urban planning exposure, and heritage conservation electives.	SVIT Vasad — Institute of Technology	https://agezrfclusigfqysbxwb.supabase.co/storage/v1/object/public/media/logos/svit.png			1	0
/courses/bba	200	0		37380	BBA — SVIT Vasad	Undergraduate management programme designed to build core business acumen and leadership from day one.	SVIT Vasad — Institute of Technology	https://agezrfclusigfqysbxwb.supabase.co/storage/v1/object/public/media/logos/svit.png			1	0
/courses/bba/faculty	404	0		37852	BBA — SVIT Vasad	Undergraduate management programme designed to build core business acumen and leadership from day one.	SVIT Vasad — Institute of Technology	https://agezrfclusigfqysbxwb.supabase.co/storage/v1/object/public/media/logos/svit.png			1	0
/courses/bsc	200	0		37321	B.Sc IT — SVIT Vasad	Undergraduate IT programme with foundations in programming, databases, and emerging tech.	SVIT Vasad — Institute of Technology	https://agezrfclusigfqysbxwb.supabase.co/storage/v1/object/public/media/logos/svit.png			1	0
/courses/bsc/faculty	404	0		37793	B.Sc IT — SVIT Vasad	Undergraduate IT programme with foundations in programming, databases, and emerging tech.	SVIT Vasad — Institute of Technology	https://agezrfclusigfqysbxwb.supabase.co/storage/v1/object/public/media/logos/svit.png			1	0
/courses/diploma	200	0		37562	Diploma Engineering — SVIT Vasad	Diploma programmes in Civil, Electrical, Computer and IT Engineering. Entry-level engineering with direct lateral entry to B.E. second year.	SVIT Vasad — Institute of Technology	https://agezrfclusigfqysbxwb.supabase.co/storage/v1/object/public/media/logos/svit.png			1	0
/courses/diploma/faculty	404	0		38038	Diploma Engineering — SVIT Vasad	Diploma programmes in Civil, Electrical, Computer and IT Engineering. Entry-level engineering with direct lateral entry to B.E. second year.	SVIT Vasad — Institute of Technology	https://agezrfclusigfqysbxwb.supabase.co/storage/v1/object/public/media/logos/svit.png			1	0
/courses/engineering	200	0		38146	B.E. Engineering — SVIT Vasad	AICTE-approved B.E. programmes across 9 engineering disciplines — Computer, IT, Civil, Mechanical, Electrical, Electronics &amp; Communication, Aeronautical, Computer Science &amp; Design, and Applied Science. NBA accredited departments with strong industry linkages.	SVIT Vasad — Institute of Technology	https://agezrfclusigfqysbxwb.supabase.co/storage/v1/object/public/media/logos/svit.png			1	0
/courses/engineering/faculty	404	0		24583	SVIT Vasad — Sardar Vallabhbhai Institute of Technology	AICTE-approved engineering, management and applied sciences programmes on a 15-acre campus in Vasad, Gujarat. 95% placements, modern labs, vibrant campus life.	SVIT Vasad — Institute of Technology	https://agezrfclusigfqysbxwb.supabase.co/storage/v1/object/public/media/logos/svit.png			1	0
/courses/mba	200	0		37517	MBA — SVIT Vasad	GTU-affiliated MBA programme building business acumen, leadership and entrepreneurial skills with strong industry interaction.	SVIT Vasad — Institute of Technology	https://agezrfclusigfqysbxwb.supabase.co/storage/v1/object/public/media/logos/svit.png			1	0
/courses/mba/faculty	404	0		37989	MBA — SVIT Vasad	GTU-affiliated MBA programme building business acumen, leadership and entrepreneurial skills with strong industry interaction.	SVIT Vasad — Institute of Technology	https://agezrfclusigfqysbxwb.supabase.co/storage/v1/object/public/media/logos/svit.png			1	0
/courses/mca	200	0		37701	MCA — SVIT Vasad	Postgraduate programme in Computer Applications covering advanced software development, database management, AI/ML and network security. GTU-affiliated with strong placement support.	SVIT Vasad — Institute of Technology	https://agezrfclusigfqysbxwb.supabase.co/storage/v1/object/public/media/logos/svit.png			1	0
/courses/mca/faculty	404	0		38173	MCA — SVIT Vasad	Postgraduate programme in Computer Applications covering advanced software development, database management, AI/ML and network security. GTU-affiliated with strong placement support.	SVIT Vasad — Institute of Technology	https://agezrfclusigfqysbxwb.supabase.co/storage/v1/object/public/media/logos/svit.png			1	0
/departments/AE	200	0		40798	Aeronautical Engineering — SVIT Group	Programs, faculty, achievements and industry activities at the Department of Aeronautical Engineering.	Aeronautical Engineering — SVIT Group	https://agezrfclusigfqysbxwb.supabase.co/storage/v1/object/public/media/logos/svit.png			1	0
/departments/AE/achievements	200	0		40870	Aeronautical Engineering — SVIT Group	Programs, faculty, achievements and industry activities at the Department of Aeronautical Engineering.	Aeronautical Engineering — SVIT Group	https://agezrfclusigfqysbxwb.supabase.co/storage/v1/object/public/media/logos/svit.png			1	0
/departments/AE/activities	200	0		43125	Aeronautical Engineering — SVIT Group	Programs, faculty, achievements and industry activities at the Department of Aeronautical Engineering.	Aeronautical Engineering — SVIT Group	https://agezrfclusigfqysbxwb.supabase.co/storage/v1/object/public/media/logos/svit.png			1	0
/departments/AE/labs	200	0		39814	Aeronautical Engineering — SVIT Group	Programs, faculty, achievements and industry activities at the Department of Aeronautical Engineering.	Aeronautical Engineering — SVIT Group	https://agezrfclusigfqysbxwb.supabase.co/storage/v1/object/public/media/logos/svit.png			1	0
/departments/AE/staff	200	0		56873	Aeronautical Engineering — SVIT Group	Programs, faculty, achievements and industry activities at the Department of Aeronautical Engineering.	Aeronautical Engineering — SVIT Group	https://agezrfclusigfqysbxwb.supabase.co/storage/v1/object/public/media/logos/svit.png			1	0
/departments/ARCH	200	0		47906	Architecture &amp; Design — SVIT Group	Programs, faculty, achievements and industry activities at the Department of Architecture &amp; Design.	Architecture &amp; Design — SVIT Group	https://agezrfclusigfqysbxwb.supabase.co/storage/v1/object/public/media/logos/svit.png			1	0
/departments/ARCH/achievements	200	0		45135	Architecture &amp; Design — SVIT Group	Programs, faculty, achievements and industry activities at the Department of Architecture &amp; Design.	Architecture &amp; Design — SVIT Group	https://agezrfclusigfqysbxwb.supabase.co/storage/v1/object/public/media/logos/svit.png			1	0
/departments/ARCH/activities	200	0		48168	Architecture &amp; Design — SVIT Group	Programs, faculty, achievements and industry activities at the Department of Architecture &amp; Design.	Architecture &amp; Design — SVIT Group	https://agezrfclusigfqysbxwb.supabase.co/storage/v1/object/public/media/logos/svit.png			1	0
/departments/ARCH/labs	200	0		44679	Architecture &amp; Design — SVIT Group	Programs, faculty, achievements and industry activities at the Department of Architecture &amp; Design.	Architecture &amp; Design — SVIT Group	https://agezrfclusigfqysbxwb.supabase.co/storage/v1/object/public/media/logos/svit.png			1	0
/departments/ARCH/staff	200	0		84396	Architecture &amp; Design — SVIT Group	Programs, faculty, achievements and industry activities at the Department of Architecture &amp; Design.	Architecture &amp; Design — SVIT Group	https://agezrfclusigfqysbxwb.supabase.co/storage/v1/object/public/media/logos/svit.png			1	0
/departments/ASH01	200	0		33894	Applied Science &amp; Humanities — SVIT Group	Programs, faculty, achievements and industry activities at the Department of Applied Science &amp; Humanities.	Applied Science &amp; Humanities — SVIT Group	https://agezrfclusigfqysbxwb.supabase.co/storage/v1/object/public/media/logos/svit.png			1	0
/departments/ASH01/achievements	200	0		33737	Applied Science &amp; Humanities — SVIT Group	Programs, faculty, achievements and industry activities at the Department of Applied Science &amp; Humanities.	Applied Science &amp; Humanities — SVIT Group	https://agezrfclusigfqysbxwb.supabase.co/storage/v1/object/public/media/logos/svit.png			1	0
/departments/ASH01/activities	200	0		36771	Applied Science &amp; Humanities — SVIT Group	Programs, faculty, achievements and industry activities at the Department of Applied Science &amp; Humanities.	Applied Science &amp; Humanities — SVIT Group	https://agezrfclusigfqysbxwb.supabase.co/storage/v1/object/public/media/logos/svit.png			1	0
/departments/ASH01/labs	200	0		33284	Applied Science &amp; Humanities — SVIT Group	Programs, faculty, achievements and industry activities at the Department of Applied Science &amp; Humanities.	Applied Science &amp; Humanities — SVIT Group	https://agezrfclusigfqysbxwb.supabase.co/storage/v1/object/public/media/logos/svit.png			1	0
/departments/ASH01/staff	200	0		33503	Applied Science &amp; Humanities — SVIT Group	Programs, faculty, achievements and industry activities at the Department of Applied Science &amp; Humanities.	Applied Science &amp; Humanities — SVIT Group	https://agezrfclusigfqysbxwb.supabase.co/storage/v1/object/public/media/logos/svit.png			1	0
/departments/CA	200	0		41973	Computer Applications — SVIT Group	Programs, faculty, achievements and industry activities at the Department of Computer Applications.	Computer Applications — SVIT Group	https://agezrfclusigfqysbxwb.supabase.co/storage/v1/object/public/media/logos/svit.png			1	0
/departments/CA/achievements	200	0		40128	Computer Applications — SVIT Group	Programs, faculty, achievements and industry activities at the Department of Computer Applications.	Computer Applications — SVIT Group	https://agezrfclusigfqysbxwb.supabase.co/storage/v1/object/public/media/logos/svit.png			1	0
/departments/CA/activities	200	0		43161	Computer Applications — SVIT Group	Programs, faculty, achievements and industry activities at the Department of Computer Applications.	Computer Applications — SVIT Group	https://agezrfclusigfqysbxwb.supabase.co/storage/v1/object/public/media/logos/svit.png			1	0
/departments/CA/labs	200	0		39672	Computer Applications — SVIT Group	Programs, faculty, achievements and industry activities at the Department of Computer Applications.	Computer Applications — SVIT Group	https://agezrfclusigfqysbxwb.supabase.co/storage/v1/object/public/media/logos/svit.png			1	0
/departments/CA/staff	200	0		63967	Computer Applications — SVIT Group	Programs, faculty, achievements and industry activities at the Department of Computer Applications.	Computer Applications — SVIT Group	https://agezrfclusigfqysbxwb.supabase.co/storage/v1/object/public/media/logos/svit.png			1	0
/departments/CE	200	0		49677	Computer Engineering — SVIT Group	Programs, faculty, achievements and industry activities at the Department of Computer Engineering.	Computer Engineering — SVIT Group	https://agezrfclusigfqysbxwb.supabase.co/storage/v1/object/public/media/logos/svit.png			1	0
/departments/CE/achievements	200	0		47003	Computer Engineering — SVIT Group	Programs, faculty, achievements and industry activities at the Department of Computer Engineering.	Computer Engineering — SVIT Group	https://agezrfclusigfqysbxwb.supabase.co/storage/v1/object/public/media/logos/svit.png			1	0
/departments/CE/activities	200	0		50036	Computer Engineering — SVIT Group	Programs, faculty, achievements and industry activities at the Department of Computer Engineering.	Computer Engineering — SVIT Group	https://agezrfclusigfqysbxwb.supabase.co/storage/v1/object/public/media/logos/svit.png			1	0
/departments/CE/labs	200	0		46547	Computer Engineering — SVIT Group	Programs, faculty, achievements and industry activities at the Department of Computer Engineering.	Computer Engineering — SVIT Group	https://agezrfclusigfqysbxwb.supabase.co/storage/v1/object/public/media/logos/svit.png			1	0
/departments/CE/staff	200	0		97172	Computer Engineering — SVIT Group	Programs, faculty, achievements and industry activities at the Department of Computer Engineering.	Computer Engineering — SVIT Group	https://agezrfclusigfqysbxwb.supabase.co/storage/v1/object/public/media/logos/svit.png			1	0
/departments/CIV	200	0		41686	Civil Engineering — SVIT Group	Programs, faculty, achievements and industry activities at the Department of Civil Engineering.	Civil Engineering — SVIT Group	https://agezrfclusigfqysbxwb.supabase.co/storage/v1/object/public/media/logos/svit.png			1	0
/departments/CIV/achievements	200	0		39835	Civil Engineering — SVIT Group	Programs, faculty, achievements and industry activities at the Department of Civil Engineering.	Civil Engineering — SVIT Group	https://agezrfclusigfqysbxwb.supabase.co/storage/v1/object/public/media/logos/svit.png			1	0
/departments/CIV/activities	200	0		42869	Civil Engineering — SVIT Group	Programs, faculty, achievements and industry activities at the Department of Civil Engineering.	Civil Engineering — SVIT Group	https://agezrfclusigfqysbxwb.supabase.co/storage/v1/object/public/media/logos/svit.png			1	0
/departments/CIV/labs	200	0		39382	Civil Engineering — SVIT Group	Programs, faculty, achievements and industry activities at the Department of Civil Engineering.	Civil Engineering — SVIT Group	https://agezrfclusigfqysbxwb.supabase.co/storage/v1/object/public/media/logos/svit.png			1	0
/departments/CIV/staff	200	0		59235	Civil Engineering — SVIT Group	Programs, faculty, achievements and industry activities at the Department of Civil Engineering.	Civil Engineering — SVIT Group	https://agezrfclusigfqysbxwb.supabase.co/storage/v1/object/public/media/logos/svit.png			1	0
/departments/CSD	200	0		38876	Computer Science &amp; Design — SVIT Group	Programs, faculty, achievements and industry activities at the Department of Computer Science &amp; Design.	Computer Science &amp; Design — SVIT Group	https://agezrfclusigfqysbxwb.supabase.co/storage/v1/object/public/media/logos/svit.png			1	0
/departments/CSD/achievements	200	0		37911	Computer Science &amp; Design — SVIT Group	Programs, faculty, achievements and industry activities at the Department of Computer Science &amp; Design.	Computer Science &amp; Design — SVIT Group	https://agezrfclusigfqysbxwb.supabase.co/storage/v1/object/public/media/logos/svit.png			1	0
/departments/CSD/activities	200	0		40945	Computer Science &amp; Design — SVIT Group	Programs, faculty, achievements and industry activities at the Department of Computer Science &amp; Design.	Computer Science &amp; Design — SVIT Group	https://agezrfclusigfqysbxwb.supabase.co/storage/v1/object/public/media/logos/svit.png			1	0
/departments/CSD/labs	200	0		37458	Computer Science &amp; Design — SVIT Group	Programs, faculty, achievements and industry activities at the Department of Computer Science &amp; Design.	Computer Science &amp; Design — SVIT Group	https://agezrfclusigfqysbxwb.supabase.co/storage/v1/object/public/media/logos/svit.png			1	0
/departments/CSD/staff	200	0		52198	Computer Science &amp; Design — SVIT Group	Programs, faculty, achievements and industry activities at the Department of Computer Science &amp; Design.	Computer Science &amp; Design — SVIT Group	https://agezrfclusigfqysbxwb.supabase.co/storage/v1/object/public/media/logos/svit.png			1	0
/departments/EC	200	0		38586	Electronics &amp; Communication — SVIT Group	Programs, faculty, achievements and industry activities at the Department of Electronics &amp; Communication.	Electronics &amp; Communication — SVIT Group	https://agezrfclusigfqysbxwb.supabase.co/storage/v1/object/public/media/logos/svit.png			1	0
/departments/EC/achievements	200	0		37623	Electronics &amp; Communication — SVIT Group	Programs, faculty, achievements and industry activities at the Department of Electronics &amp; Communication.	Electronics &amp; Communication — SVIT Group	https://agezrfclusigfqysbxwb.supabase.co/storage/v1/object/public/media/logos/svit.png			1	0
/departments/EC/activities	200	0		40657	Electronics &amp; Communication — SVIT Group	Programs, faculty, achievements and industry activities at the Department of Electronics &amp; Communication.	Electronics &amp; Communication — SVIT Group	https://agezrfclusigfqysbxwb.supabase.co/storage/v1/object/public/media/logos/svit.png			1	0
/departments/EC/labs	200	0		37170	Electronics &amp; Communication — SVIT Group	Programs, faculty, achievements and industry activities at the Department of Electronics &amp; Communication.	Electronics &amp; Communication — SVIT Group	https://agezrfclusigfqysbxwb.supabase.co/storage/v1/object/public/media/logos/svit.png			1	0
/departments/EC/staff	200	0		49400	Electronics &amp; Communication — SVIT Group	Programs, faculty, achievements and industry activities at the Department of Electronics &amp; Communication.	Electronics &amp; Communication — SVIT Group	https://agezrfclusigfqysbxwb.supabase.co/storage/v1/object/public/media/logos/svit.png			1	0
/departments/EE	200	0		41888	Electrical Engineering — SVIT Group	Programs, faculty, achievements and industry activities at the Department of Electrical Engineering.	Electrical Engineering — SVIT Group	https://agezrfclusigfqysbxwb.supabase.co/storage/v1/object/public/media/logos/svit.png			1	0
/departments/EE/achievements	200	0		40938	Electrical Engineering — SVIT Group	Programs, faculty, achievements and industry activities at the Department of Electrical Engineering.	Electrical Engineering — SVIT Group	https://agezrfclusigfqysbxwb.supabase.co/storage/v1/object/public/media/logos/svit.png			1	0
/departments/EE/activities	200	0		43971	Electrical Engineering — SVIT Group	Programs, faculty, achievements and industry activities at the Department of Electrical Engineering.	Electrical Engineering — SVIT Group	https://agezrfclusigfqysbxwb.supabase.co/storage/v1/object/public/media/logos/svit.png			1	0
/departments/EE/labs	200	0		40482	Electrical Engineering — SVIT Group	Programs, faculty, achievements and industry activities at the Department of Electrical Engineering.	Electrical Engineering — SVIT Group	https://agezrfclusigfqysbxwb.supabase.co/storage/v1/object/public/media/logos/svit.png			1	0
/departments/EE/staff	200	0		66279	Electrical Engineering — SVIT Group	Programs, faculty, achievements and industry activities at the Department of Electrical Engineering.	Electrical Engineering — SVIT Group	https://agezrfclusigfqysbxwb.supabase.co/storage/v1/object/public/media/logos/svit.png			1	0
/departments/GN	200	0		43314	General Nursing — SVIT Group	Programs, faculty, achievements and industry activities at the Department of General Nursing.	General Nursing — SVIT Group	https://agezrfclusigfqysbxwb.supabase.co/storage/v1/object/public/media/logos/svit.png			1	0
/departments/GN/achievements	200	0		42388	General Nursing — SVIT Group	Programs, faculty, achievements and industry activities at the Department of General Nursing.	General Nursing — SVIT Group	https://agezrfclusigfqysbxwb.supabase.co/storage/v1/object/public/media/logos/svit.png			1	0
/departments/GN/activities	200	0		45421	General Nursing — SVIT Group	Programs, faculty, achievements and industry activities at the Department of General Nursing.	General Nursing — SVIT Group	https://agezrfclusigfqysbxwb.supabase.co/storage/v1/object/public/media/logos/svit.png			1	0
/departments/GN/labs	200	0		41932	General Nursing — SVIT Group	Programs, faculty, achievements and industry activities at the Department of General Nursing.	General Nursing — SVIT Group	https://agezrfclusigfqysbxwb.supabase.co/storage/v1/object/public/media/logos/svit.png			1	0
/departments/GN/staff	200	0		68673	General Nursing — SVIT Group	Programs, faculty, achievements and industry activities at the Department of General Nursing.	General Nursing — SVIT Group	https://agezrfclusigfqysbxwb.supabase.co/storage/v1/object/public/media/logos/svit.png			1	0
/departments/IT	200	0		45716	Information Technology — SVIT Group	Programs, faculty, achievements and industry activities at the Department of Information Technology.	Information Technology — SVIT Group	https://agezrfclusigfqysbxwb.supabase.co/storage/v1/object/public/media/logos/svit.png			1	0
/departments/IT/achievements	200	0		44955	Information Technology — SVIT Group	Programs, faculty, achievements and industry activities at the Department of Information Technology.	Information Technology — SVIT Group	https://agezrfclusigfqysbxwb.supabase.co/storage/v1/object/public/media/logos/svit.png			1	0
/departments/IT/activities	200	0		47009	Information Technology — SVIT Group	Programs, faculty, achievements and industry activities at the Department of Information Technology.	Information Technology — SVIT Group	https://agezrfclusigfqysbxwb.supabase.co/storage/v1/object/public/media/logos/svit.png			1	0
/departments/IT/labs	200	0		43520	Information Technology — SVIT Group	Programs, faculty, achievements and industry activities at the Department of Information Technology.	Information Technology — SVIT Group	https://agezrfclusigfqysbxwb.supabase.co/storage/v1/object/public/media/logos/svit.png			1	0
/departments/IT/staff	200	0		82403	Information Technology — SVIT Group	Programs, faculty, achievements and industry activities at the Department of Information Technology.	Information Technology — SVIT Group	https://agezrfclusigfqysbxwb.supabase.co/storage/v1/object/public/media/logos/svit.png			1	0
/departments/MBA	200	0		37791	Management Studies — SVIT Group	Programs, faculty, achievements and industry activities at the Department of Management Studies.	Management Studies — SVIT Group	https://agezrfclusigfqysbxwb.supabase.co/storage/v1/object/public/media/logos/svit.png			1	0
/departments/MBA/achievements	200	0		36856	Management Studies — SVIT Group	Programs, faculty, achievements and industry activities at the Department of Management Studies.	Management Studies — SVIT Group	https://agezrfclusigfqysbxwb.supabase.co/storage/v1/object/public/media/logos/svit.png			1	0
/departments/MBA/activities	200	0		39890	Management Studies — SVIT Group	Programs, faculty, achievements and industry activities at the Department of Management Studies.	Management Studies — SVIT Group	https://agezrfclusigfqysbxwb.supabase.co/storage/v1/object/public/media/logos/svit.png			1	0
/departments/MBA/labs	200	0		36403	Management Studies — SVIT Group	Programs, faculty, achievements and industry activities at the Department of Management Studies.	Management Studies — SVIT Group	https://agezrfclusigfqysbxwb.supabase.co/storage/v1/object/public/media/logos/svit.png			1	0
/departments/MBA/staff	200	0		47839	Management Studies — SVIT Group	Programs, faculty, achievements and industry activities at the Department of Management Studies.	Management Studies — SVIT Group	https://agezrfclusigfqysbxwb.supabase.co/storage/v1/object/public/media/logos/svit.png			1	0
/departments/MCA	200	0		38862	Computer Applications (PG) test1234567890 — SVIT Group	Programs, faculty, achievements and industry activities at the Department of Computer Applications (PG) test1234567890.	Computer Applications (PG) test1234567890 — SVIT Group	https://agezrfclusigfqysbxwb.supabase.co/storage/v1/object/public/media/logos/svit.png			1	0
/departments/MCA/achievements	200	0		37881	Computer Applications (PG) test1234567890 — SVIT Group	Programs, faculty, achievements and industry activities at the Department of Computer Applications (PG) test1234567890.	Computer Applications (PG) test1234567890 — SVIT Group	https://agezrfclusigfqysbxwb.supabase.co/storage/v1/object/public/media/logos/svit.png			1	0
/departments/MCA/activities	200	0		40915	Computer Applications (PG) test1234567890 — SVIT Group	Programs, faculty, achievements and industry activities at the Department of Computer Applications (PG) test1234567890.	Computer Applications (PG) test1234567890 — SVIT Group	https://agezrfclusigfqysbxwb.supabase.co/storage/v1/object/public/media/logos/svit.png			1	0
/departments/MCA/labs	200	0		37428	Computer Applications (PG) test1234567890 — SVIT Group	Programs, faculty, achievements and industry activities at the Department of Computer Applications (PG) test1234567890.	Computer Applications (PG) test1234567890 — SVIT Group	https://agezrfclusigfqysbxwb.supabase.co/storage/v1/object/public/media/logos/svit.png			1	0
/departments/MCA/staff	200	0		50981	Computer Applications (PG) test1234567890 — SVIT Group	Programs, faculty, achievements and industry activities at the Department of Computer Applications (PG) test1234567890.	Computer Applications (PG) test1234567890 — SVIT Group	https://agezrfclusigfqysbxwb.supabase.co/storage/v1/object/public/media/logos/svit.png			1	0
/departments/ME	200	0		41968	Mechanical Engineering — SVIT Group	Programs, faculty, achievements and industry activities at the Department of Mechanical Engineering.	Mechanical Engineering — SVIT Group	https://agezrfclusigfqysbxwb.supabase.co/storage/v1/object/public/media/logos/svit.png			1	0
/departments/ME/achievements	200	0		41018	Mechanical Engineering — SVIT Group	Programs, faculty, achievements and industry activities at the Department of Mechanical Engineering.	Mechanical Engineering — SVIT Group	https://agezrfclusigfqysbxwb.supabase.co/storage/v1/object/public/media/logos/svit.png			1	0
/departments/ME/activities	200	0		44051	Mechanical Engineering — SVIT Group	Programs, faculty, achievements and industry activities at the Department of Mechanical Engineering.	Mechanical Engineering — SVIT Group	https://agezrfclusigfqysbxwb.supabase.co/storage/v1/object/public/media/logos/svit.png			1	0
/departments/ME/labs	200	0		40562	Mechanical Engineering — SVIT Group	Programs, faculty, achievements and industry activities at the Department of Mechanical Engineering.	Mechanical Engineering — SVIT Group	https://agezrfclusigfqysbxwb.supabase.co/storage/v1/object/public/media/logos/svit.png			1	0
/departments/ME/staff	200	0		67274	Mechanical Engineering — SVIT Group	Programs, faculty, achievements and industry activities at the Department of Mechanical Engineering.	Mechanical Engineering — SVIT Group	https://agezrfclusigfqysbxwb.supabase.co/storage/v1/object/public/media/logos/svit.png			1	0
/downloads	200	0		37085	Downloads — SVIT Vasad	AICTE-approved engineering, management and applied sciences programmes on a 15-acre campus in Vasad, Gujarat. 95% placements, modern labs, vibrant campus life.	SVIT Vasad — Institute of Technology	https://agezrfclusigfqysbxwb.supabase.co/storage/v1/object/public/media/logos/svit.png			1	0
/gallery	200	0		27951	Gallery — SVIT Vasad	Photo gallery of SVIT Vasad campus, events, and student work.	SVIT Vasad — Institute of Technology	https://agezrfclusigfqysbxwb.supabase.co/storage/v1/object/public/media/logos/svit.png			1	0
/gallery/a1000000-0000-0000-0000-000000000001	200	0		108543	Gallery — SVIT Vasad	Photo gallery of SVIT Vasad campus, events, and student work.	SVIT Vasad — Institute of Technology	https://agezrfclusigfqysbxwb.supabase.co/storage/v1/object/public/media/logos/svit.png			1	0
/gallery/a2000000-0000-0000-0000-000000000002	200	0		176025	Gallery — SVIT Vasad	Photo gallery of SVIT Vasad campus, events, and student work.	SVIT Vasad — Institute of Technology	https://agezrfclusigfqysbxwb.supabase.co/storage/v1/object/public/media/logos/svit.png			1	0
/grievance	200	0		27671	Grievance Redressal — SVIT Vasad	AICTE-approved engineering, management and applied sciences programmes on a 15-acre campus in Vasad, Gujarat. 95% placements, modern labs, vibrant campus life.	SVIT Vasad — Institute of Technology	https://agezrfclusigfqysbxwb.supabase.co/storage/v1/object/public/media/logos/svit.png			1	0
/news	200	0		46279	News &amp; Events — SVIT Vasad	AICTE-approved engineering, management and applied sciences programmes on a 15-acre campus in Vasad, Gujarat. 95% placements, modern labs, vibrant campus life.	SVIT Vasad — Institute of Technology	https://agezrfclusigfqysbxwb.supabase.co/storage/v1/object/public/media/logos/svit.png			1	0
/parents	200	0		29840	For Parents — SVIT Vasad	AICTE-approved engineering, management and applied sciences programmes on a 15-acre campus in Vasad, Gujarat. 95% placements, modern labs, vibrant campus life.	SVIT Vasad — Institute of Technology	https://agezrfclusigfqysbxwb.supabase.co/storage/v1/object/public/media/logos/svit.png			1	0
/placement	200	0		83286	Training &amp; Placement Cell — SVIT Group of Institutions	Placement outcomes, recruiting partners, year-on-year trends, and student achievements across SVIT engineering, architecture, computer applications, and nursing.	SVIT Vasad — Institute of Technology	https://agezrfclusigfqysbxwb.supabase.co/storage/v1/object/public/media/logos/svit.png			1	0
/placement/svica	200	1	/placement	83286	Training &amp; Placement Cell — SVIT Group of Institutions	Placement outcomes, recruiting partners, year-on-year trends, and student achievements across SVIT engineering, architecture, computer applications, and nursing.	SVIT Vasad — Institute of Technology	https://agezrfclusigfqysbxwb.supabase.co/storage/v1/object/public/media/logos/svit.png			1	0
/placement/svion	200	1	/placement	83286	Training &amp; Placement Cell — SVIT Group of Institutions	Placement outcomes, recruiting partners, year-on-year trends, and student achievements across SVIT engineering, architecture, computer applications, and nursing.	SVIT Vasad — Institute of Technology	https://agezrfclusigfqysbxwb.supabase.co/storage/v1/object/public/media/logos/svit.png			1	0
/placement/svit-coa	200	1	/placement	83286	Training &amp; Placement Cell — SVIT Group of Institutions	Placement outcomes, recruiting partners, year-on-year trends, and student achievements across SVIT engineering, architecture, computer applications, and nursing.	SVIT Vasad — Institute of Technology	https://agezrfclusigfqysbxwb.supabase.co/storage/v1/object/public/media/logos/svit.png			1	0
/placement/svit-degree	200	1	/placement	83286	Training &amp; Placement Cell — SVIT Group of Institutions	Placement outcomes, recruiting partners, year-on-year trends, and student achievements across SVIT engineering, architecture, computer applications, and nursing.	SVIT Vasad — Institute of Technology	https://agezrfclusigfqysbxwb.supabase.co/storage/v1/object/public/media/logos/svit.png			1	0
/programs/0f34407e-25f1-43be-9e90-a8db6f0ec6db	200	0		27363	Diploma in Electrical Engineering — SVIT Group	AICTE-approved engineering, management and applied sciences programmes on a 15-acre campus in Vasad, Gujarat. 95% placements, modern labs, vibrant campus life.	SVIT Vasad — Institute of Technology	https://agezrfclusigfqysbxwb.supabase.co/storage/v1/object/public/media/logos/svit.png			1	0
/programs/28f6f3db-4c83-4a07-941b-9198203eb5e5	200	0		28335	Bachelor of Architecture — SVIT Group	AICTE-approved engineering, management and applied sciences programmes on a 15-acre campus in Vasad, Gujarat. 95% placements, modern labs, vibrant campus life.	SVIT Vasad — Institute of Technology	https://agezrfclusigfqysbxwb.supabase.co/storage/v1/object/public/media/logos/svit.png			1	0
/programs/3268af1d-7509-4515-9d06-68e6cd3b6111	200	0		28531	Bachelor of Engineering in Computer Science &amp; Design Engineering — SVIT Group	AICTE-approved engineering, management and applied sciences programmes on a 15-acre campus in Vasad, Gujarat. 95% placements, modern labs, vibrant campus life.	SVIT Vasad — Institute of Technology	https://agezrfclusigfqysbxwb.supabase.co/storage/v1/object/public/media/logos/svit.png			1	0
/programs/3893a1f8-0783-44cf-927e-6cb8aaf1a066	200	0		27411	Diploma in Information Technology Engineering — SVIT Group	AICTE-approved engineering, management and applied sciences programmes on a 15-acre campus in Vasad, Gujarat. 95% placements, modern labs, vibrant campus life.	SVIT Vasad — Institute of Technology	https://agezrfclusigfqysbxwb.supabase.co/storage/v1/object/public/media/logos/svit.png			1	0
/programs/3fe0c98d-3c51-4a33-9619-6336467dbfdb	200	0		28376	Bachelor in Computer Applications (BCA) — SVIT Group	AICTE-approved engineering, management and applied sciences programmes on a 15-acre campus in Vasad, Gujarat. 95% placements, modern labs, vibrant campus life.	SVIT Vasad — Institute of Technology	https://agezrfclusigfqysbxwb.supabase.co/storage/v1/object/public/media/logos/svit.png			1	0
/programs/42440019-fdb5-4e52-b0a5-f88fb2bfeb38	200	0		28315	Bachelor in Science, IT — SVIT Group	AICTE-approved engineering, management and applied sciences programmes on a 15-acre campus in Vasad, Gujarat. 95% placements, modern labs, vibrant campus life.	SVIT Vasad — Institute of Technology	https://agezrfclusigfqysbxwb.supabase.co/storage/v1/object/public/media/logos/svit.png			1	0
/programs/444d9224-696b-4eb1-9524-ae2b0b29e0c2	200	0		27472	BBA — SVIT Group	AICTE-approved engineering, management and applied sciences programmes on a 15-acre campus in Vasad, Gujarat. 95% placements, modern labs, vibrant campus life.	SVIT Vasad — Institute of Technology	https://agezrfclusigfqysbxwb.supabase.co/storage/v1/object/public/media/logos/svit.png			1	0
/programs/478cec37-89db-4a0b-860e-3d8a325a10fd	200	0		28310	General Nursing &amp; Midwifery — SVIT Group	AICTE-approved engineering, management and applied sciences programmes on a 15-acre campus in Vasad, Gujarat. 95% placements, modern labs, vibrant campus life.	SVIT Vasad — Institute of Technology	https://agezrfclusigfqysbxwb.supabase.co/storage/v1/object/public/media/logos/svit.png			1	0
/programs/50bdea39-b191-49d3-8362-25e6500065ef	200	0		28320	Diploma in Architecture — SVIT Group	AICTE-approved engineering, management and applied sciences programmes on a 15-acre campus in Vasad, Gujarat. 95% placements, modern labs, vibrant campus life.	SVIT Vasad — Institute of Technology	https://agezrfclusigfqysbxwb.supabase.co/storage/v1/object/public/media/logos/svit.png			1	0
/programs/59763fea-0728-427e-9189-c09030a2869a	200	0		28356	Master of Engineering in Software — SVIT Group	AICTE-approved engineering, management and applied sciences programmes on a 15-acre campus in Vasad, Gujarat. 95% placements, modern labs, vibrant campus life.	SVIT Vasad — Institute of Technology	https://agezrfclusigfqysbxwb.supabase.co/storage/v1/object/public/media/logos/svit.png			1	0
/programs/624e823a-d056-4d5d-8595-443a8a2488df	200	0		27543	Diploma Engineering — SVIT Group	AICTE-approved engineering, management and applied sciences programmes on a 15-acre campus in Vasad, Gujarat. 95% placements, modern labs, vibrant campus life.	SVIT Vasad — Institute of Technology	https://agezrfclusigfqysbxwb.supabase.co/storage/v1/object/public/media/logos/svit.png			1	0
/programs/6a4ba8cb-a83e-4b2a-aae8-f0493f17fe1f	200	0		27546	Architecture — SVIT Group	AICTE-approved engineering, management and applied sciences programmes on a 15-acre campus in Vasad, Gujarat. 95% placements, modern labs, vibrant campus life.	SVIT Vasad — Institute of Technology	https://agezrfclusigfqysbxwb.supabase.co/storage/v1/object/public/media/logos/svit.png			1	0
/programs/785fbd76-ce34-4ada-9f2a-976a26c912a6	200	0		28412	Bachelor of Engineering in Computer Engineering — SVIT Group	AICTE-approved engineering, management and applied sciences programmes on a 15-acre campus in Vasad, Gujarat. 95% placements, modern labs, vibrant campus life.	SVIT Vasad — Institute of Technology	https://agezrfclusigfqysbxwb.supabase.co/storage/v1/object/public/media/logos/svit.png			1	0
/programs/937854c7-70a4-473b-b22a-25d9e161a372	200	0		28448	Bachelor of Engineering in Aeronautical Engineering — SVIT Group	AICTE-approved engineering, management and applied sciences programmes on a 15-acre campus in Vasad, Gujarat. 95% placements, modern labs, vibrant campus life.	SVIT Vasad — Institute of Technology	https://agezrfclusigfqysbxwb.supabase.co/storage/v1/object/public/media/logos/svit.png			1	0
/programs/9485ad5c-30c2-42ff-8bd4-497f89497ab1	200	0		28545	Bachelor of Engineering in Electronics &amp; Communication Engineering — SVIT Group	AICTE-approved engineering, management and applied sciences programmes on a 15-acre campus in Vasad, Gujarat. 95% placements, modern labs, vibrant campus life.	SVIT Vasad — Institute of Technology	https://agezrfclusigfqysbxwb.supabase.co/storage/v1/object/public/media/logos/svit.png			1	0
/programs/97539319-07c8-438d-84ff-51262628119e	200	0		28329	M.Tech Computer Engineering — SVIT Group	AICTE-approved engineering, management and applied sciences programmes on a 15-acre campus in Vasad, Gujarat. 95% placements, modern labs, vibrant campus life.	SVIT Vasad — Institute of Technology	https://agezrfclusigfqysbxwb.supabase.co/storage/v1/object/public/media/logos/svit.png			1	0
/programs/98c69baa-cca4-4467-9a9d-470079dd6bb5	200	0		28431	Master of Computer Applications — SVIT Group	AICTE-approved engineering, management and applied sciences programmes on a 15-acre campus in Vasad, Gujarat. 95% placements, modern labs, vibrant campus life.	SVIT Vasad — Institute of Technology	https://agezrfclusigfqysbxwb.supabase.co/storage/v1/object/public/media/logos/svit.png			1	0
/programs/9f2c2281-2a70-4911-9fdd-6fd336b91635	200	0		27501	MBA — SVIT Group	AICTE-approved engineering, management and applied sciences programmes on a 15-acre campus in Vasad, Gujarat. 95% placements, modern labs, vibrant campus life.	SVIT Vasad — Institute of Technology	https://agezrfclusigfqysbxwb.supabase.co/storage/v1/object/public/media/logos/svit.png			1	0
/programs/9fe7312c-6976-473e-8443-4ac79e5b2e91	200	0		27363	Diploma in Mechanical Engineering — SVIT Group	AICTE-approved engineering, management and applied sciences programmes on a 15-acre campus in Vasad, Gujarat. 95% placements, modern labs, vibrant campus life.	SVIT Vasad — Institute of Technology	https://agezrfclusigfqysbxwb.supabase.co/storage/v1/object/public/media/logos/svit.png			1	0
/programs/aa04745e-d908-4fa6-a977-db83765ea885	200	0		28478	Bachelor of Engineering in Information Technology Engineering — SVIT Group	AICTE-approved engineering, management and applied sciences programmes on a 15-acre campus in Vasad, Gujarat. 95% placements, modern labs, vibrant campus life.	SVIT Vasad — Institute of Technology	https://agezrfclusigfqysbxwb.supabase.co/storage/v1/object/public/media/logos/svit.png			1	0
/programs/ab849207-f99d-4f90-8767-508ef68bbb3b	200	0		27492	MCA — SVIT Group	AICTE-approved engineering, management and applied sciences programmes on a 15-acre campus in Vasad, Gujarat. 95% placements, modern labs, vibrant campus life.	SVIT Vasad — Institute of Technology	https://agezrfclusigfqysbxwb.supabase.co/storage/v1/object/public/media/logos/svit.png			1	0
/programs/afc6f862-d524-401b-97d1-9627fccacd14	200	0		28430	Bachelor of Engineering in Mechanical Engineering — SVIT Group	AICTE-approved engineering, management and applied sciences programmes on a 15-acre campus in Vasad, Gujarat. 95% placements, modern labs, vibrant campus life.	SVIT Vasad — Institute of Technology	https://agezrfclusigfqysbxwb.supabase.co/storage/v1/object/public/media/logos/svit.png			1	0
/programs/b22c0569-5e89-411a-803f-35af8e351ac8	200	0		28389	Bachelor of Engineering in Civil Engineering — SVIT Group	AICTE-approved engineering, management and applied sciences programmes on a 15-acre campus in Vasad, Gujarat. 95% placements, modern labs, vibrant campus life.	SVIT Vasad — Institute of Technology	https://agezrfclusigfqysbxwb.supabase.co/storage/v1/object/public/media/logos/svit.png			1	0
/programs/bcde5b0e-1132-420c-bd09-93580f0d68f5	200	0		27344	Diploma in Civil Engineering — SVIT Group	AICTE-approved engineering, management and applied sciences programmes on a 15-acre campus in Vasad, Gujarat. 95% placements, modern labs, vibrant campus life.	SVIT Vasad — Institute of Technology	https://agezrfclusigfqysbxwb.supabase.co/storage/v1/object/public/media/logos/svit.png			1	0
/programs/bda99554-00ec-4c6c-b8c9-29dade55a271	200	0		27474	B.Sc IT — SVIT Group	AICTE-approved engineering, management and applied sciences programmes on a 15-acre campus in Vasad, Gujarat. 95% placements, modern labs, vibrant campus life.	SVIT Vasad — Institute of Technology	https://agezrfclusigfqysbxwb.supabase.co/storage/v1/object/public/media/logos/svit.png			1	0
/programs/c7588f08-08e5-412a-9e79-b0808a1529bc	200	0		28341	Master in Business Administration — SVIT Group	AICTE-approved engineering, management and applied sciences programmes on a 15-acre campus in Vasad, Gujarat. 95% placements, modern labs, vibrant campus life.	SVIT Vasad — Institute of Technology	https://agezrfclusigfqysbxwb.supabase.co/storage/v1/object/public/media/logos/svit.png			1	0
/programs/c831a18e-29aa-4161-9089-b5f160cc9a75	200	0		27630	B.E. Engineering — SVIT Group	AICTE-approved engineering, management and applied sciences programmes on a 15-acre campus in Vasad, Gujarat. 95% placements, modern labs, vibrant campus life.	SVIT Vasad — Institute of Technology	https://agezrfclusigfqysbxwb.supabase.co/storage/v1/object/public/media/logos/svit.png			1	0
/programs/d31ccbde-f8e4-4afb-8919-c39ae30ce303	200	0		27355	Diploma in Computer Engineering — SVIT Group	AICTE-approved engineering, management and applied sciences programmes on a 15-acre campus in Vasad, Gujarat. 95% placements, modern labs, vibrant campus life.	SVIT Vasad — Institute of Technology	https://agezrfclusigfqysbxwb.supabase.co/storage/v1/object/public/media/logos/svit.png			1	0
/programs/d85054c7-97f4-4c35-b1c0-edf55d354d45	200	0		28259	bcdefg — SVIT Group	AICTE-approved engineering, management and applied sciences programmes on a 15-acre campus in Vasad, Gujarat. 95% placements, modern labs, vibrant campus life.	SVIT Vasad — Institute of Technology	https://agezrfclusigfqysbxwb.supabase.co/storage/v1/object/public/media/logos/svit.png			1	0
/programs/ec1607b4-f889-4fd1-a3a7-839459403870	200	0		28430	Bachelor of Engineering in Electrical Engineering — SVIT Group	AICTE-approved engineering, management and applied sciences programmes on a 15-acre campus in Vasad, Gujarat. 95% placements, modern labs, vibrant campus life.	SVIT Vasad — Institute of Technology	https://agezrfclusigfqysbxwb.supabase.co/storage/v1/object/public/media/logos/svit.png			1	0
/programs/ed1073bd-9f86-4cf6-9071-93e351c1d71f	200	0		28344	Bachelor of Interior Design — SVIT Group	AICTE-approved engineering, management and applied sciences programmes on a 15-acre campus in Vasad, Gujarat. 95% placements, modern labs, vibrant campus life.	SVIT Vasad — Institute of Technology	https://agezrfclusigfqysbxwb.supabase.co/storage/v1/object/public/media/logos/svit.png			1	0
/programs/f70828d2-91a9-4be5-9362-297317801e00	200	0		28349	Master of Engineering in Structure — SVIT Group	AICTE-approved engineering, management and applied sciences programmes on a 15-acre campus in Vasad, Gujarat. 95% placements, modern labs, vibrant campus life.	SVIT Vasad — Institute of Technology	https://agezrfclusigfqysbxwb.supabase.co/storage/v1/object/public/media/logos/svit.png			1	0
/staff/1-PNS	200	0		27469	SVIT Vasad — Sardar Vallabhbhai Institute of Technology	AICTE-approved engineering, management and applied sciences programmes on a 15-acre campus in Vasad, Gujarat. 95% placements, modern labs, vibrant campus life.	SVIT Vasad — Institute of Technology	https://agezrfclusigfqysbxwb.supabase.co/storage/v1/object/public/media/logos/svit.png			1	0
/staff/10-RRK	200	0		27451	SVIT Vasad — Sardar Vallabhbhai Institute of Technology	AICTE-approved engineering, management and applied sciences programmes on a 15-acre campus in Vasad, Gujarat. 95% placements, modern labs, vibrant campus life.	SVIT Vasad — Institute of Technology	https://agezrfclusigfqysbxwb.supabase.co/storage/v1/object/public/media/logos/svit.png			1	0
/staff/100-PAP	200	0		27078	SVIT Vasad — Sardar Vallabhbhai Institute of Technology	AICTE-approved engineering, management and applied sciences programmes on a 15-acre campus in Vasad, Gujarat. 95% placements, modern labs, vibrant campus life.	SVIT Vasad — Institute of Technology	https://agezrfclusigfqysbxwb.supabase.co/storage/v1/object/public/media/logos/svit.png			1	0
/staff/1001-CPP	200	0		27111	SVIT Vasad — Sardar Vallabhbhai Institute of Technology	AICTE-approved engineering, management and applied sciences programmes on a 15-acre campus in Vasad, Gujarat. 95% placements, modern labs, vibrant campus life.	SVIT Vasad — Institute of Technology	https://agezrfclusigfqysbxwb.supabase.co/storage/v1/object/public/media/logos/svit.png			1	0
/staff/1007-SHP	200	0		27481	SVIT Vasad — Sardar Vallabhbhai Institute of Technology	AICTE-approved engineering, management and applied sciences programmes on a 15-acre campus in Vasad, Gujarat. 95% placements, modern labs, vibrant campus life.	SVIT Vasad — Institute of Technology	https://agezrfclusigfqysbxwb.supabase.co/storage/v1/object/public/media/logos/svit.png			1	0
/staff/103-NMS	200	0		32038	SVIT Vasad — Sardar Vallabhbhai Institute of Technology	AICTE-approved engineering, management and applied sciences programmes on a 15-acre campus in Vasad, Gujarat. 95% placements, modern labs, vibrant campus life.	SVIT Vasad — Institute of Technology	https://agezrfclusigfqysbxwb.supabase.co/storage/v1/object/public/media/logos/svit.png			1	0
/staff/1033-MPH	200	0		27064	SVIT Vasad — Sardar Vallabhbhai Institute of Technology	AICTE-approved engineering, management and applied sciences programmes on a 15-acre campus in Vasad, Gujarat. 95% placements, modern labs, vibrant campus life.	SVIT Vasad — Institute of Technology	https://agezrfclusigfqysbxwb.supabase.co/storage/v1/object/public/media/logos/svit.png			1	0
/staff/106-JRV	200	0		27079	SVIT Vasad — Sardar Vallabhbhai Institute of Technology	AICTE-approved engineering, management and applied sciences programmes on a 15-acre campus in Vasad, Gujarat. 95% placements, modern labs, vibrant campus life.	SVIT Vasad — Institute of Technology	https://agezrfclusigfqysbxwb.supabase.co/storage/v1/object/public/media/logos/svit.png			1	0
/staff/1068-AJP	200	0		27063	SVIT Vasad — Sardar Vallabhbhai Institute of Technology	AICTE-approved engineering, management and applied sciences programmes on a 15-acre campus in Vasad, Gujarat. 95% placements, modern labs, vibrant campus life.	SVIT Vasad — Institute of Technology	https://agezrfclusigfqysbxwb.supabase.co/storage/v1/object/public/media/logos/svit.png			1	0
/staff/1070-PRB	200	0		27063	SVIT Vasad — Sardar Vallabhbhai Institute of Technology	AICTE-approved engineering, management and applied sciences programmes on a 15-acre campus in Vasad, Gujarat. 95% placements, modern labs, vibrant campus life.	SVIT Vasad — Institute of Technology	https://agezrfclusigfqysbxwb.supabase.co/storage/v1/object/public/media/logos/svit.png			1	0
/staff/1074-BBG	200	0		27060	SVIT Vasad — Sardar Vallabhbhai Institute of Technology	AICTE-approved engineering, management and applied sciences programmes on a 15-acre campus in Vasad, Gujarat. 95% placements, modern labs, vibrant campus life.	SVIT Vasad — Institute of Technology	https://agezrfclusigfqysbxwb.supabase.co/storage/v1/object/public/media/logos/svit.png			1	0
/staff/112-VRG	200	0		27077	SVIT Vasad — Sardar Vallabhbhai Institute of Technology	AICTE-approved engineering, management and applied sciences programmes on a 15-acre campus in Vasad, Gujarat. 95% placements, modern labs, vibrant campus life.	SVIT Vasad — Institute of Technology	https://agezrfclusigfqysbxwb.supabase.co/storage/v1/object/public/media/logos/svit.png			1	0
/staff/114-DRP	200	0		27096	SVIT Vasad — Sardar Vallabhbhai Institute of Technology	AICTE-approved engineering, management and applied sciences programmes on a 15-acre campus in Vasad, Gujarat. 95% placements, modern labs, vibrant campus life.	SVIT Vasad — Institute of Technology	https://agezrfclusigfqysbxwb.supabase.co/storage/v1/object/public/media/logos/svit.png			1	0
/staff/1140-VBP	200	0		27094	SVIT Vasad — Sardar Vallabhbhai Institute of Technology	AICTE-approved engineering, management and applied sciences programmes on a 15-acre campus in Vasad, Gujarat. 95% placements, modern labs, vibrant campus life.	SVIT Vasad — Institute of Technology	https://agezrfclusigfqysbxwb.supabase.co/storage/v1/object/public/media/logos/svit.png			1	0
/staff/1142-JJP	200	0		27102	SVIT Vasad — Sardar Vallabhbhai Institute of Technology	AICTE-approved engineering, management and applied sciences programmes on a 15-acre campus in Vasad, Gujarat. 95% placements, modern labs, vibrant campus life.	SVIT Vasad — Institute of Technology	https://agezrfclusigfqysbxwb.supabase.co/storage/v1/object/public/media/logos/svit.png			1	0
/staff/1143-KSP	200	0		27089	SVIT Vasad — Sardar Vallabhbhai Institute of Technology	AICTE-approved engineering, management and applied sciences programmes on a 15-acre campus in Vasad, Gujarat. 95% placements, modern labs, vibrant campus life.	SVIT Vasad — Institute of Technology	https://agezrfclusigfqysbxwb.supabase.co/storage/v1/object/public/media/logos/svit.png			1	0
/staff/1147-JMP	200	0		27059	SVIT Vasad — Sardar Vallabhbhai Institute of Technology	AICTE-approved engineering, management and applied sciences programmes on a 15-acre campus in Vasad, Gujarat. 95% placements, modern labs, vibrant campus life.	SVIT Vasad — Institute of Technology	https://agezrfclusigfqysbxwb.supabase.co/storage/v1/object/public/media/logos/svit.png			1	0
/staff/1148-BRP	200	0		27173	SVIT Vasad — Sardar Vallabhbhai Institute of Technology	AICTE-approved engineering, management and applied sciences programmes on a 15-acre campus in Vasad, Gujarat. 95% placements, modern labs, vibrant campus life.	SVIT Vasad — Institute of Technology	https://agezrfclusigfqysbxwb.supabase.co/storage/v1/object/public/media/logos/svit.png			1	0
/staff/1149-BDP	200	0		27097	SVIT Vasad — Sardar Vallabhbhai Institute of Technology	AICTE-approved engineering, management and applied sciences programmes on a 15-acre campus in Vasad, Gujarat. 95% placements, modern labs, vibrant campus life.	SVIT Vasad — Institute of Technology	https://agezrfclusigfqysbxwb.supabase.co/storage/v1/object/public/media/logos/svit.png			1	0
/staff/115-PRP	200	0		27083	SVIT Vasad — Sardar Vallabhbhai Institute of Technology	AICTE-approved engineering, management and applied sciences programmes on a 15-acre campus in Vasad, Gujarat. 95% placements, modern labs, vibrant campus life.	SVIT Vasad — Institute of Technology	https://agezrfclusigfqysbxwb.supabase.co/storage/v1/object/public/media/logos/svit.png			1	0
/staff/1160-TIP	200	0		27062	SVIT Vasad — Sardar Vallabhbhai Institute of Technology	AICTE-approved engineering, management and applied sciences programmes on a 15-acre campus in Vasad, Gujarat. 95% placements, modern labs, vibrant campus life.	SVIT Vasad — Institute of Technology	https://agezrfclusigfqysbxwb.supabase.co/storage/v1/object/public/media/logos/svit.png			1	0
/staff/1172-RKP	200	0		27085	SVIT Vasad — Sardar Vallabhbhai Institute of Technology	AICTE-approved engineering, management and applied sciences programmes on a 15-acre campus in Vasad, Gujarat. 95% placements, modern labs, vibrant campus life.	SVIT Vasad — Institute of Technology	https://agezrfclusigfqysbxwb.supabase.co/storage/v1/object/public/media/logos/svit.png			1	0
/staff/1173-SVP	200	0		27111	SVIT Vasad — Sardar Vallabhbhai Institute of Technology	AICTE-approved engineering, management and applied sciences programmes on a 15-acre campus in Vasad, Gujarat. 95% placements, modern labs, vibrant campus life.	SVIT Vasad — Institute of Technology	https://agezrfclusigfqysbxwb.supabase.co/storage/v1/object/public/media/logos/svit.png			1	0
/staff/1182-MSP	200	0		27112	SVIT Vasad — Sardar Vallabhbhai Institute of Technology	AICTE-approved engineering, management and applied sciences programmes on a 15-acre campus in Vasad, Gujarat. 95% placements, modern labs, vibrant campus life.	SVIT Vasad — Institute of Technology	https://agezrfclusigfqysbxwb.supabase.co/storage/v1/object/public/media/logos/svit.png			1	0
/staff/119-MKR	200	0		27073	SVIT Vasad — Sardar Vallabhbhai Institute of Technology	AICTE-approved engineering, management and applied sciences programmes on a 15-acre campus in Vasad, Gujarat. 95% placements, modern labs, vibrant campus life.	SVIT Vasad — Institute of Technology	https://agezrfclusigfqysbxwb.supabase.co/storage/v1/object/public/media/logos/svit.png			1	0
/staff/1193-MSP	200	0		27463	SVIT Vasad — Sardar Vallabhbhai Institute of Technology	AICTE-approved engineering, management and applied sciences programmes on a 15-acre campus in Vasad, Gujarat. 95% placements, modern labs, vibrant campus life.	SVIT Vasad — Institute of Technology	https://agezrfclusigfqysbxwb.supabase.co/storage/v1/object/public/media/logos/svit.png			1	0
/staff/1196-DKP	200	0		27095	SVIT Vasad — Sardar Vallabhbhai Institute of Technology	AICTE-approved engineering, management and applied sciences programmes on a 15-acre campus in Vasad, Gujarat. 95% placements, modern labs, vibrant campus life.	SVIT Vasad — Institute of Technology	https://agezrfclusigfqysbxwb.supabase.co/storage/v1/object/public/media/logos/svit.png			1	0
/staff/1198-MAS	200	0		27075	SVIT Vasad — Sardar Vallabhbhai Institute of Technology	AICTE-approved engineering, management and applied sciences programmes on a 15-acre campus in Vasad, Gujarat. 95% placements, modern labs, vibrant campus life.	SVIT Vasad — Institute of Technology	https://agezrfclusigfqysbxwb.supabase.co/storage/v1/object/public/media/logos/svit.png			1	0
/staff/1199-PJP	200	0		27095	SVIT Vasad — Sardar Vallabhbhai Institute of Technology	AICTE-approved engineering, management and applied sciences programmes on a 15-acre campus in Vasad, Gujarat. 95% placements, modern labs, vibrant campus life.	SVIT Vasad — Institute of Technology	https://agezrfclusigfqysbxwb.supabase.co/storage/v1/object/public/media/logos/svit.png			1	0
/staff/1200-KNP	200	0		27175	SVIT Vasad — Sardar Vallabhbhai Institute of Technology	AICTE-approved engineering, management and applied sciences programmes on a 15-acre campus in Vasad, Gujarat. 95% placements, modern labs, vibrant campus life.	SVIT Vasad — Institute of Technology	https://agezrfclusigfqysbxwb.supabase.co/storage/v1/object/public/media/logos/svit.png			1	0
/staff/125-TCP	200	0		27094	SVIT Vasad — Sardar Vallabhbhai Institute of Technology	AICTE-approved engineering, management and applied sciences programmes on a 15-acre campus in Vasad, Gujarat. 95% placements, modern labs, vibrant campus life.	SVIT Vasad — Institute of Technology	https://agezrfclusigfqysbxwb.supabase.co/storage/v1/object/public/media/logos/svit.png			1	0
/staff/126-JBS	200	0		27489	SVIT Vasad — Sardar Vallabhbhai Institute of Technology	AICTE-approved engineering, management and applied sciences programmes on a 15-acre campus in Vasad, Gujarat. 95% placements, modern labs, vibrant campus life.	SVIT Vasad — Institute of Technology	https://agezrfclusigfqysbxwb.supabase.co/storage/v1/object/public/media/logos/svit.png			1	0
/staff/127-KBS	200	0		27505	SVIT Vasad — Sardar Vallabhbhai Institute of Technology	AICTE-approved engineering, management and applied sciences programmes on a 15-acre campus in Vasad, Gujarat. 95% placements, modern labs, vibrant campus life.	SVIT Vasad — Institute of Technology	https://agezrfclusigfqysbxwb.supabase.co/storage/v1/object/public/media/logos/svit.png			1	0
/staff/128-HRV	200	0		27103	SVIT Vasad — Sardar Vallabhbhai Institute of Technology	AICTE-approved engineering, management and applied sciences programmes on a 15-acre campus in Vasad, Gujarat. 95% placements, modern labs, vibrant campus life.	SVIT Vasad — Institute of Technology	https://agezrfclusigfqysbxwb.supabase.co/storage/v1/object/public/media/logos/svit.png			1	0
/staff/129-DMP	200	0		29261	SVIT Vasad — Sardar Vallabhbhai Institute of Technology	AICTE-approved engineering, management and applied sciences programmes on a 15-acre campus in Vasad, Gujarat. 95% placements, modern labs, vibrant campus life.	SVIT Vasad — Institute of Technology	https://agezrfclusigfqysbxwb.supabase.co/storage/v1/object/public/media/logos/svit.png			1	0
/staff/13-RVP	200	0		27467	SVIT Vasad — Sardar Vallabhbhai Institute of Technology	AICTE-approved engineering, management and applied sciences programmes on a 15-acre campus in Vasad, Gujarat. 95% placements, modern labs, vibrant campus life.	SVIT Vasad — Institute of Technology	https://agezrfclusigfqysbxwb.supabase.co/storage/v1/object/public/media/logos/svit.png			1	0
/staff/1302-DDP	200	0		27501	SVIT Vasad — Sardar Vallabhbhai Institute of Technology	AICTE-approved engineering, management and applied sciences programmes on a 15-acre campus in Vasad, Gujarat. 95% placements, modern labs, vibrant campus life.	SVIT Vasad — Institute of Technology	https://agezrfclusigfqysbxwb.supabase.co/storage/v1/object/public/media/logos/svit.png			1	0
/staff/1304-HJC	200	0		27427	SVIT Vasad — Sardar Vallabhbhai Institute of Technology	AICTE-approved engineering, management and applied sciences programmes on a 15-acre campus in Vasad, Gujarat. 95% placements, modern labs, vibrant campus life.	SVIT Vasad — Institute of Technology	https://agezrfclusigfqysbxwb.supabase.co/storage/v1/object/public/media/logos/svit.png			1	0
/staff/1305-HNT	200	0		27462	SVIT Vasad — Sardar Vallabhbhai Institute of Technology	AICTE-approved engineering, management and applied sciences programmes on a 15-acre campus in Vasad, Gujarat. 95% placements, modern labs, vibrant campus life.	SVIT Vasad — Institute of Technology	https://agezrfclusigfqysbxwb.supabase.co/storage/v1/object/public/media/logos/svit.png			1	0
/staff/1401-VNP	200	0		27511	SVIT Vasad — Sardar Vallabhbhai Institute of Technology	AICTE-approved engineering, management and applied sciences programmes on a 15-acre campus in Vasad, Gujarat. 95% placements, modern labs, vibrant campus life.	SVIT Vasad — Institute of Technology	https://agezrfclusigfqysbxwb.supabase.co/storage/v1/object/public/media/logos/svit.png			1	0
/staff/1402-AVM	200	0		27475	SVIT Vasad — Sardar Vallabhbhai Institute of Technology	AICTE-approved engineering, management and applied sciences programmes on a 15-acre campus in Vasad, Gujarat. 95% placements, modern labs, vibrant campus life.	SVIT Vasad — Institute of Technology	https://agezrfclusigfqysbxwb.supabase.co/storage/v1/object/public/media/logos/svit.png			1	0
/staff/1403-UDK	200	0		27507	SVIT Vasad — Sardar Vallabhbhai Institute of Technology	AICTE-approved engineering, management and applied sciences programmes on a 15-acre campus in Vasad, Gujarat. 95% placements, modern labs, vibrant campus life.	SVIT Vasad — Institute of Technology	https://agezrfclusigfqysbxwb.supabase.co/storage/v1/object/public/media/logos/svit.png			1	0
/staff/1502-DSP	200	0		26332	SVIT Vasad — Sardar Vallabhbhai Institute of Technology	AICTE-approved engineering, management and applied sciences programmes on a 15-acre campus in Vasad, Gujarat. 95% placements, modern labs, vibrant campus life.	SVIT Vasad — Institute of Technology	https://agezrfclusigfqysbxwb.supabase.co/storage/v1/object/public/media/logos/svit.png			0	0
/staff/1504-HMN	200	0		26346	SVIT Vasad — Sardar Vallabhbhai Institute of Technology	AICTE-approved engineering, management and applied sciences programmes on a 15-acre campus in Vasad, Gujarat. 95% placements, modern labs, vibrant campus life.	SVIT Vasad — Institute of Technology	https://agezrfclusigfqysbxwb.supabase.co/storage/v1/object/public/media/logos/svit.png			0	0
/staff/1505-KMP	200	0		26346	SVIT Vasad — Sardar Vallabhbhai Institute of Technology	AICTE-approved engineering, management and applied sciences programmes on a 15-acre campus in Vasad, Gujarat. 95% placements, modern labs, vibrant campus life.	SVIT Vasad — Institute of Technology	https://agezrfclusigfqysbxwb.supabase.co/storage/v1/object/public/media/logos/svit.png			0	0
/staff/1506-DAP	200	0		26322	SVIT Vasad — Sardar Vallabhbhai Institute of Technology	AICTE-approved engineering, management and applied sciences programmes on a 15-acre campus in Vasad, Gujarat. 95% placements, modern labs, vibrant campus life.	SVIT Vasad — Institute of Technology	https://agezrfclusigfqysbxwb.supabase.co/storage/v1/object/public/media/logos/svit.png			0	0
/staff/1507-MPL	200	0		26331	SVIT Vasad — Sardar Vallabhbhai Institute of Technology	AICTE-approved engineering, management and applied sciences programmes on a 15-acre campus in Vasad, Gujarat. 95% placements, modern labs, vibrant campus life.	SVIT Vasad — Institute of Technology	https://agezrfclusigfqysbxwb.supabase.co/storage/v1/object/public/media/logos/svit.png			0	0
/staff/1508-PNM	200	0		26352	SVIT Vasad — Sardar Vallabhbhai Institute of Technology	AICTE-approved engineering, management and applied sciences programmes on a 15-acre campus in Vasad, Gujarat. 95% placements, modern labs, vibrant campus life.	SVIT Vasad — Institute of Technology	https://agezrfclusigfqysbxwb.supabase.co/storage/v1/object/public/media/logos/svit.png			0	0
/staff/1509-NPP	200	0		26331	SVIT Vasad — Sardar Vallabhbhai Institute of Technology	AICTE-approved engineering, management and applied sciences programmes on a 15-acre campus in Vasad, Gujarat. 95% placements, modern labs, vibrant campus life.	SVIT Vasad — Institute of Technology	https://agezrfclusigfqysbxwb.supabase.co/storage/v1/object/public/media/logos/svit.png			0	0
/staff/1510-HST	200	0		26340	SVIT Vasad — Sardar Vallabhbhai Institute of Technology	AICTE-approved engineering, management and applied sciences programmes on a 15-acre campus in Vasad, Gujarat. 95% placements, modern labs, vibrant campus life.	SVIT Vasad — Institute of Technology	https://agezrfclusigfqysbxwb.supabase.co/storage/v1/object/public/media/logos/svit.png			0	0
/staff/1511-JNP	200	0		26353	SVIT Vasad — Sardar Vallabhbhai Institute of Technology	AICTE-approved engineering, management and applied sciences programmes on a 15-acre campus in Vasad, Gujarat. 95% placements, modern labs, vibrant campus life.	SVIT Vasad — Institute of Technology	https://agezrfclusigfqysbxwb.supabase.co/storage/v1/object/public/media/logos/svit.png			0	0
/staff/1512-DSC	200	0		26343	SVIT Vasad — Sardar Vallabhbhai Institute of Technology	AICTE-approved engineering, management and applied sciences programmes on a 15-acre campus in Vasad, Gujarat. 95% placements, modern labs, vibrant campus life.	SVIT Vasad — Institute of Technology	https://agezrfclusigfqysbxwb.supabase.co/storage/v1/object/public/media/logos/svit.png			0	0
/staff/1513-RNS	200	0		26343	SVIT Vasad — Sardar Vallabhbhai Institute of Technology	AICTE-approved engineering, management and applied sciences programmes on a 15-acre campus in Vasad, Gujarat. 95% placements, modern labs, vibrant campus life.	SVIT Vasad — Institute of Technology	https://agezrfclusigfqysbxwb.supabase.co/storage/v1/object/public/media/logos/svit.png			0	0
/staff/152-RSG	200	0		27509	SVIT Vasad — Sardar Vallabhbhai Institute of Technology	AICTE-approved engineering, management and applied sciences programmes on a 15-acre campus in Vasad, Gujarat. 95% placements, modern labs, vibrant campus life.	SVIT Vasad — Institute of Technology	https://agezrfclusigfqysbxwb.supabase.co/storage/v1/object/public/media/logos/svit.png			1	0
/staff/155-JVR	200	0		27529	SVIT Vasad — Sardar Vallabhbhai Institute of Technology	AICTE-approved engineering, management and applied sciences programmes on a 15-acre campus in Vasad, Gujarat. 95% placements, modern labs, vibrant campus life.	SVIT Vasad — Institute of Technology	https://agezrfclusigfqysbxwb.supabase.co/storage/v1/object/public/media/logos/svit.png			1	0
/staff/1601-JNB	200	0		26352	SVIT Vasad — Sardar Vallabhbhai Institute of Technology	AICTE-approved engineering, management and applied sciences programmes on a 15-acre campus in Vasad, Gujarat. 95% placements, modern labs, vibrant campus life.	SVIT Vasad — Institute of Technology	https://agezrfclusigfqysbxwb.supabase.co/storage/v1/object/public/media/logos/svit.png			0	0
/staff/161-NSG	200	0		27529	SVIT Vasad — Sardar Vallabhbhai Institute of Technology	AICTE-approved engineering, management and applied sciences programmes on a 15-acre campus in Vasad, Gujarat. 95% placements, modern labs, vibrant campus life.	SVIT Vasad — Institute of Technology	https://agezrfclusigfqysbxwb.supabase.co/storage/v1/object/public/media/logos/svit.png			1	0
/staff/163-NKP	200	0		27147	SVIT Vasad — Sardar Vallabhbhai Institute of Technology	AICTE-approved engineering, management and applied sciences programmes on a 15-acre campus in Vasad, Gujarat. 95% placements, modern labs, vibrant campus life.	SVIT Vasad — Institute of Technology	https://agezrfclusigfqysbxwb.supabase.co/storage/v1/object/public/media/logos/svit.png			1	0
/staff/166-PIC	200	0		27532	SVIT Vasad — Sardar Vallabhbhai Institute of Technology	AICTE-approved engineering, management and applied sciences programmes on a 15-acre campus in Vasad, Gujarat. 95% placements, modern labs, vibrant campus life.	SVIT Vasad — Institute of Technology	https://agezrfclusigfqysbxwb.supabase.co/storage/v1/object/public/media/logos/svit.png			1	0
/staff/168-ZAB	200	0		27576	SVIT Vasad — Sardar Vallabhbhai Institute of Technology	AICTE-approved engineering, management and applied sciences programmes on a 15-acre campus in Vasad, Gujarat. 95% placements, modern labs, vibrant campus life.	SVIT Vasad — Institute of Technology	https://agezrfclusigfqysbxwb.supabase.co/storage/v1/object/public/media/logos/svit.png			1	0
/staff/1701-KMP	200	0		26316	SVIT Vasad — Sardar Vallabhbhai Institute of Technology	AICTE-approved engineering, management and applied sciences programmes on a 15-acre campus in Vasad, Gujarat. 95% placements, modern labs, vibrant campus life.	SVIT Vasad — Institute of Technology	https://agezrfclusigfqysbxwb.supabase.co/storage/v1/object/public/media/logos/svit.png			0	0
/staff/1801-PMP	200	0		26344	SVIT Vasad — Sardar Vallabhbhai Institute of Technology	AICTE-approved engineering, management and applied sciences programmes on a 15-acre campus in Vasad, Gujarat. 95% placements, modern labs, vibrant campus life.	SVIT Vasad — Institute of Technology	https://agezrfclusigfqysbxwb.supabase.co/storage/v1/object/public/media/logos/svit.png			0	0
/staff/1902-SRM	200	0		26331	SVIT Vasad — Sardar Vallabhbhai Institute of Technology	AICTE-approved engineering, management and applied sciences programmes on a 15-acre campus in Vasad, Gujarat. 95% placements, modern labs, vibrant campus life.	SVIT Vasad — Institute of Technology	https://agezrfclusigfqysbxwb.supabase.co/storage/v1/object/public/media/logos/svit.png			0	0
/staff/2101-DDB	200	0		27419	SVIT Vasad — Sardar Vallabhbhai Institute of Technology	AICTE-approved engineering, management and applied sciences programmes on a 15-acre campus in Vasad, Gujarat. 95% placements, modern labs, vibrant campus life.	SVIT Vasad — Institute of Technology	https://agezrfclusigfqysbxwb.supabase.co/storage/v1/object/public/media/logos/svit.png			1	0
/staff/2102-IBP	200	0		27075	SVIT Vasad — Sardar Vallabhbhai Institute of Technology	AICTE-approved engineering, management and applied sciences programmes on a 15-acre campus in Vasad, Gujarat. 95% placements, modern labs, vibrant campus life.	SVIT Vasad — Institute of Technology	https://agezrfclusigfqysbxwb.supabase.co/storage/v1/object/public/media/logos/svit.png			1	0
/staff/2105-HAS	200	0		27092	SVIT Vasad — Sardar Vallabhbhai Institute of Technology	AICTE-approved engineering, management and applied sciences programmes on a 15-acre campus in Vasad, Gujarat. 95% placements, modern labs, vibrant campus life.	SVIT Vasad — Institute of Technology	https://agezrfclusigfqysbxwb.supabase.co/storage/v1/object/public/media/logos/svit.png			1	0
/staff/2107-NPP	200	0		27155	SVIT Vasad — Sardar Vallabhbhai Institute of Technology	AICTE-approved engineering, management and applied sciences programmes on a 15-acre campus in Vasad, Gujarat. 95% placements, modern labs, vibrant campus life.	SVIT Vasad — Institute of Technology	https://agezrfclusigfqysbxwb.supabase.co/storage/v1/object/public/media/logos/svit.png			1	0
/staff/2108-DPR	200	0		27463	SVIT Vasad — Sardar Vallabhbhai Institute of Technology	AICTE-approved engineering, management and applied sciences programmes on a 15-acre campus in Vasad, Gujarat. 95% placements, modern labs, vibrant campus life.	SVIT Vasad — Institute of Technology	https://agezrfclusigfqysbxwb.supabase.co/storage/v1/object/public/media/logos/svit.png			1	0
/staff/2109-SHP	200	0		27483	SVIT Vasad — Sardar Vallabhbhai Institute of Technology	AICTE-approved engineering, management and applied sciences programmes on a 15-acre campus in Vasad, Gujarat. 95% placements, modern labs, vibrant campus life.	SVIT Vasad — Institute of Technology	https://agezrfclusigfqysbxwb.supabase.co/storage/v1/object/public/media/logos/svit.png			1	0
/staff/214-PGP	200	0		27115	SVIT Vasad — Sardar Vallabhbhai Institute of Technology	AICTE-approved engineering, management and applied sciences programmes on a 15-acre campus in Vasad, Gujarat. 95% placements, modern labs, vibrant campus life.	SVIT Vasad — Institute of Technology	https://agezrfclusigfqysbxwb.supabase.co/storage/v1/object/public/media/logos/svit.png			1	0
/staff/251-CDK	200	0		27445	SVIT Vasad — Sardar Vallabhbhai Institute of Technology	AICTE-approved engineering, management and applied sciences programmes on a 15-acre campus in Vasad, Gujarat. 95% placements, modern labs, vibrant campus life.	SVIT Vasad — Institute of Technology	https://agezrfclusigfqysbxwb.supabase.co/storage/v1/object/public/media/logos/svit.png			1	0
/staff/252-PRG	200	0		27465	SVIT Vasad — Sardar Vallabhbhai Institute of Technology	AICTE-approved engineering, management and applied sciences programmes on a 15-acre campus in Vasad, Gujarat. 95% placements, modern labs, vibrant campus life.	SVIT Vasad — Institute of Technology	https://agezrfclusigfqysbxwb.supabase.co/storage/v1/object/public/media/logos/svit.png			1	0
/staff/253-NNS	200	0		27469	SVIT Vasad — Sardar Vallabhbhai Institute of Technology	AICTE-approved engineering, management and applied sciences programmes on a 15-acre campus in Vasad, Gujarat. 95% placements, modern labs, vibrant campus life.	SVIT Vasad — Institute of Technology	https://agezrfclusigfqysbxwb.supabase.co/storage/v1/object/public/media/logos/svit.png			1	0
/staff/254-NAR	200	0		27445	SVIT Vasad — Sardar Vallabhbhai Institute of Technology	AICTE-approved engineering, management and applied sciences programmes on a 15-acre campus in Vasad, Gujarat. 95% placements, modern labs, vibrant campus life.	SVIT Vasad — Institute of Technology	https://agezrfclusigfqysbxwb.supabase.co/storage/v1/object/public/media/logos/svit.png			1	0
/staff/258-RCG	200	0		27489	SVIT Vasad — Sardar Vallabhbhai Institute of Technology	AICTE-approved engineering, management and applied sciences programmes on a 15-acre campus in Vasad, Gujarat. 95% placements, modern labs, vibrant campus life.	SVIT Vasad — Institute of Technology	https://agezrfclusigfqysbxwb.supabase.co/storage/v1/object/public/media/logos/svit.png			1	0
/staff/261-SMP	200	0		27469	SVIT Vasad — Sardar Vallabhbhai Institute of Technology	AICTE-approved engineering, management and applied sciences programmes on a 15-acre campus in Vasad, Gujarat. 95% placements, modern labs, vibrant campus life.	SVIT Vasad — Institute of Technology	https://agezrfclusigfqysbxwb.supabase.co/storage/v1/object/public/media/logos/svit.png			1	0
/staff/265-SNP	200	0		27481	SVIT Vasad — Sardar Vallabhbhai Institute of Technology	AICTE-approved engineering, management and applied sciences programmes on a 15-acre campus in Vasad, Gujarat. 95% placements, modern labs, vibrant campus life.	SVIT Vasad — Institute of Technology	https://agezrfclusigfqysbxwb.supabase.co/storage/v1/object/public/media/logos/svit.png			1	0
/staff/272-JKV	200	0		27102	SVIT Vasad — Sardar Vallabhbhai Institute of Technology	AICTE-approved engineering, management and applied sciences programmes on a 15-acre campus in Vasad, Gujarat. 95% placements, modern labs, vibrant campus life.	SVIT Vasad — Institute of Technology	https://agezrfclusigfqysbxwb.supabase.co/storage/v1/object/public/media/logos/svit.png			1	0
/staff/277-HSP	200	0		27102	SVIT Vasad — Sardar Vallabhbhai Institute of Technology	AICTE-approved engineering, management and applied sciences programmes on a 15-acre campus in Vasad, Gujarat. 95% placements, modern labs, vibrant campus life.	SVIT Vasad — Institute of Technology	https://agezrfclusigfqysbxwb.supabase.co/storage/v1/object/public/media/logos/svit.png			1	0
/staff/278-BHP	200	0		27102	SVIT Vasad — Sardar Vallabhbhai Institute of Technology	AICTE-approved engineering, management and applied sciences programmes on a 15-acre campus in Vasad, Gujarat. 95% placements, modern labs, vibrant campus life.	SVIT Vasad — Institute of Technology	https://agezrfclusigfqysbxwb.supabase.co/storage/v1/object/public/media/logos/svit.png			1	0
/staff/279-NAC	200	0		27489	SVIT Vasad — Sardar Vallabhbhai Institute of Technology	AICTE-approved engineering, management and applied sciences programmes on a 15-acre campus in Vasad, Gujarat. 95% placements, modern labs, vibrant campus life.	SVIT Vasad — Institute of Technology	https://agezrfclusigfqysbxwb.supabase.co/storage/v1/object/public/media/logos/svit.png			1	0
/staff/29-NSP	200	0		27485	SVIT Vasad — Sardar Vallabhbhai Institute of Technology	AICTE-approved engineering, management and applied sciences programmes on a 15-acre campus in Vasad, Gujarat. 95% placements, modern labs, vibrant campus life.	SVIT Vasad — Institute of Technology	https://agezrfclusigfqysbxwb.supabase.co/storage/v1/object/public/media/logos/svit.png			1	0
/staff/3007-DNP	200	0		27062	SVIT Vasad — Sardar Vallabhbhai Institute of Technology	AICTE-approved engineering, management and applied sciences programmes on a 15-acre campus in Vasad, Gujarat. 95% placements, modern labs, vibrant campus life.	SVIT Vasad — Institute of Technology	https://agezrfclusigfqysbxwb.supabase.co/storage/v1/object/public/media/logos/svit.png			1	0
/staff/3013-TMM	200	0		27075	SVIT Vasad — Sardar Vallabhbhai Institute of Technology	AICTE-approved engineering, management and applied sciences programmes on a 15-acre campus in Vasad, Gujarat. 95% placements, modern labs, vibrant campus life.	SVIT Vasad — Institute of Technology	https://agezrfclusigfqysbxwb.supabase.co/storage/v1/object/public/media/logos/svit.png			1	0
/staff/302-JMP	200	0		27469	SVIT Vasad — Sardar Vallabhbhai Institute of Technology	AICTE-approved engineering, management and applied sciences programmes on a 15-acre campus in Vasad, Gujarat. 95% placements, modern labs, vibrant campus life.	SVIT Vasad — Institute of Technology	https://agezrfclusigfqysbxwb.supabase.co/storage/v1/object/public/media/logos/svit.png			1	0
/staff/3021-STV	200	0		27054	SVIT Vasad — Sardar Vallabhbhai Institute of Technology	AICTE-approved engineering, management and applied sciences programmes on a 15-acre campus in Vasad, Gujarat. 95% placements, modern labs, vibrant campus life.	SVIT Vasad — Institute of Technology	https://agezrfclusigfqysbxwb.supabase.co/storage/v1/object/public/media/logos/svit.png			1	0
/staff/3022-PDM	200	0		27045	SVIT Vasad — Sardar Vallabhbhai Institute of Technology	AICTE-approved engineering, management and applied sciences programmes on a 15-acre campus in Vasad, Gujarat. 95% placements, modern labs, vibrant campus life.	SVIT Vasad — Institute of Technology	https://agezrfclusigfqysbxwb.supabase.co/storage/v1/object/public/media/logos/svit.png			1	0
/staff/3025-SMB	200	0		27033	SVIT Vasad — Sardar Vallabhbhai Institute of Technology	AICTE-approved engineering, management and applied sciences programmes on a 15-acre campus in Vasad, Gujarat. 95% placements, modern labs, vibrant campus life.	SVIT Vasad — Institute of Technology	https://agezrfclusigfqysbxwb.supabase.co/storage/v1/object/public/media/logos/svit.png			1	0
/staff/3034-PEM	200	0		27073	SVIT Vasad — Sardar Vallabhbhai Institute of Technology	AICTE-approved engineering, management and applied sciences programmes on a 15-acre campus in Vasad, Gujarat. 95% placements, modern labs, vibrant campus life.	SVIT Vasad — Institute of Technology	https://agezrfclusigfqysbxwb.supabase.co/storage/v1/object/public/media/logos/svit.png			1	0
/staff/3035-ASS	200	0		27051	SVIT Vasad — Sardar Vallabhbhai Institute of Technology	AICTE-approved engineering, management and applied sciences programmes on a 15-acre campus in Vasad, Gujarat. 95% placements, modern labs, vibrant campus life.	SVIT Vasad — Institute of Technology	https://agezrfclusigfqysbxwb.supabase.co/storage/v1/object/public/media/logos/svit.png			1	0
/staff/3036-JPS	200	0		27060	SVIT Vasad — Sardar Vallabhbhai Institute of Technology	AICTE-approved engineering, management and applied sciences programmes on a 15-acre campus in Vasad, Gujarat. 95% placements, modern labs, vibrant campus life.	SVIT Vasad — Institute of Technology	https://agezrfclusigfqysbxwb.supabase.co/storage/v1/object/public/media/logos/svit.png			1	0
/staff/3037-AFP	200	0		27066	SVIT Vasad — Sardar Vallabhbhai Institute of Technology	AICTE-approved engineering, management and applied sciences programmes on a 15-acre campus in Vasad, Gujarat. 95% placements, modern labs, vibrant campus life.	SVIT Vasad — Institute of Technology	https://agezrfclusigfqysbxwb.supabase.co/storage/v1/object/public/media/logos/svit.png			1	0
/staff/3038-HKP	200	0		27048	SVIT Vasad — Sardar Vallabhbhai Institute of Technology	AICTE-approved engineering, management and applied sciences programmes on a 15-acre campus in Vasad, Gujarat. 95% placements, modern labs, vibrant campus life.	SVIT Vasad — Institute of Technology	https://agezrfclusigfqysbxwb.supabase.co/storage/v1/object/public/media/logos/svit.png			1	0
/staff/3040-RBP	200	0		27076	SVIT Vasad — Sardar Vallabhbhai Institute of Technology	AICTE-approved engineering, management and applied sciences programmes on a 15-acre campus in Vasad, Gujarat. 95% placements, modern labs, vibrant campus life.	SVIT Vasad — Institute of Technology	https://agezrfclusigfqysbxwb.supabase.co/storage/v1/object/public/media/logos/svit.png			1	0
/staff/3041-NNV	200	0		27076	SVIT Vasad — Sardar Vallabhbhai Institute of Technology	AICTE-approved engineering, management and applied sciences programmes on a 15-acre campus in Vasad, Gujarat. 95% placements, modern labs, vibrant campus life.	SVIT Vasad — Institute of Technology	https://agezrfclusigfqysbxwb.supabase.co/storage/v1/object/public/media/logos/svit.png			1	0
/staff/3042-PRG	200	0		27094	SVIT Vasad — Sardar Vallabhbhai Institute of Technology	AICTE-approved engineering, management and applied sciences programmes on a 15-acre campus in Vasad, Gujarat. 95% placements, modern labs, vibrant campus life.	SVIT Vasad — Institute of Technology	https://agezrfclusigfqysbxwb.supabase.co/storage/v1/object/public/media/logos/svit.png			1	0
/staff/3044-HRP	200	0		27021	SVIT Vasad — Sardar Vallabhbhai Institute of Technology	AICTE-approved engineering, management and applied sciences programmes on a 15-acre campus in Vasad, Gujarat. 95% placements, modern labs, vibrant campus life.	SVIT Vasad — Institute of Technology	https://agezrfclusigfqysbxwb.supabase.co/storage/v1/object/public/media/logos/svit.png			1	0
/staff/3045-VBJ	200	0		27069	SVIT Vasad — Sardar Vallabhbhai Institute of Technology	AICTE-approved engineering, management and applied sciences programmes on a 15-acre campus in Vasad, Gujarat. 95% placements, modern labs, vibrant campus life.	SVIT Vasad — Institute of Technology	https://agezrfclusigfqysbxwb.supabase.co/storage/v1/object/public/media/logos/svit.png			1	0
/staff/3046-NDP	200	0		27079	SVIT Vasad — Sardar Vallabhbhai Institute of Technology	AICTE-approved engineering, management and applied sciences programmes on a 15-acre campus in Vasad, Gujarat. 95% placements, modern labs, vibrant campus life.	SVIT Vasad — Institute of Technology	https://agezrfclusigfqysbxwb.supabase.co/storage/v1/object/public/media/logos/svit.png			1	0
/staff/3047-RSJ	200	0		27060	SVIT Vasad — Sardar Vallabhbhai Institute of Technology	AICTE-approved engineering, management and applied sciences programmes on a 15-acre campus in Vasad, Gujarat. 95% placements, modern labs, vibrant campus life.	SVIT Vasad — Institute of Technology	https://agezrfclusigfqysbxwb.supabase.co/storage/v1/object/public/media/logos/svit.png			1	0
/staff/3048-SVP	200	0		27054	SVIT Vasad — Sardar Vallabhbhai Institute of Technology	AICTE-approved engineering, management and applied sciences programmes on a 15-acre campus in Vasad, Gujarat. 95% placements, modern labs, vibrant campus life.	SVIT Vasad — Institute of Technology	https://agezrfclusigfqysbxwb.supabase.co/storage/v1/object/public/media/logos/svit.png			1	0
/staff/3049-DHP	200	0		27057	SVIT Vasad — Sardar Vallabhbhai Institute of Technology	AICTE-approved engineering, management and applied sciences programmes on a 15-acre campus in Vasad, Gujarat. 95% placements, modern labs, vibrant campus life.	SVIT Vasad — Institute of Technology	https://agezrfclusigfqysbxwb.supabase.co/storage/v1/object/public/media/logos/svit.png			1	0
/staff/3050-KMR	200	0		27051	SVIT Vasad — Sardar Vallabhbhai Institute of Technology	AICTE-approved engineering, management and applied sciences programmes on a 15-acre campus in Vasad, Gujarat. 95% placements, modern labs, vibrant campus life.	SVIT Vasad — Institute of Technology	https://agezrfclusigfqysbxwb.supabase.co/storage/v1/object/public/media/logos/svit.png			1	0
/staff/3051-GVM	200	0		27045	SVIT Vasad — Sardar Vallabhbhai Institute of Technology	AICTE-approved engineering, management and applied sciences programmes on a 15-acre campus in Vasad, Gujarat. 95% placements, modern labs, vibrant campus life.	SVIT Vasad — Institute of Technology	https://agezrfclusigfqysbxwb.supabase.co/storage/v1/object/public/media/logos/svit.png			1	0
/staff/3052-MGP	200	0		27063	SVIT Vasad — Sardar Vallabhbhai Institute of Technology	AICTE-approved engineering, management and applied sciences programmes on a 15-acre campus in Vasad, Gujarat. 95% placements, modern labs, vibrant campus life.	SVIT Vasad — Institute of Technology	https://agezrfclusigfqysbxwb.supabase.co/storage/v1/object/public/media/logos/svit.png			1	0
/staff/3053-RRS	200	0		27067	SVIT Vasad — Sardar Vallabhbhai Institute of Technology	AICTE-approved engineering, management and applied sciences programmes on a 15-acre campus in Vasad, Gujarat. 95% placements, modern labs, vibrant campus life.	SVIT Vasad — Institute of Technology	https://agezrfclusigfqysbxwb.supabase.co/storage/v1/object/public/media/logos/svit.png			1	0
/staff/308-MDS	200	0		27444	SVIT Vasad — Sardar Vallabhbhai Institute of Technology	AICTE-approved engineering, management and applied sciences programmes on a 15-acre campus in Vasad, Gujarat. 95% placements, modern labs, vibrant campus life.	SVIT Vasad — Institute of Technology	https://agezrfclusigfqysbxwb.supabase.co/storage/v1/object/public/media/logos/svit.png			1	0
/staff/309-ANM	200	0		30878	SVIT Vasad — Sardar Vallabhbhai Institute of Technology	AICTE-approved engineering, management and applied sciences programmes on a 15-acre campus in Vasad, Gujarat. 95% placements, modern labs, vibrant campus life.	SVIT Vasad — Institute of Technology	https://agezrfclusigfqysbxwb.supabase.co/storage/v1/object/public/media/logos/svit.png			1	0
/staff/33-SJP	200	0		27483	SVIT Vasad — Sardar Vallabhbhai Institute of Technology	AICTE-approved engineering, management and applied sciences programmes on a 15-acre campus in Vasad, Gujarat. 95% placements, modern labs, vibrant campus life.	SVIT Vasad — Institute of Technology	https://agezrfclusigfqysbxwb.supabase.co/storage/v1/object/public/media/logos/svit.png			1	0
/staff/351-VRP	200	0		27485	SVIT Vasad — Sardar Vallabhbhai Institute of Technology	AICTE-approved engineering, management and applied sciences programmes on a 15-acre campus in Vasad, Gujarat. 95% placements, modern labs, vibrant campus life.	SVIT Vasad — Institute of Technology	https://agezrfclusigfqysbxwb.supabase.co/storage/v1/object/public/media/logos/svit.png			1	0
/staff/354-PHS	200	0		27465	SVIT Vasad — Sardar Vallabhbhai Institute of Technology	AICTE-approved engineering, management and applied sciences programmes on a 15-acre campus in Vasad, Gujarat. 95% placements, modern labs, vibrant campus life.	SVIT Vasad — Institute of Technology	https://agezrfclusigfqysbxwb.supabase.co/storage/v1/object/public/media/logos/svit.png			1	0
/staff/355-SKS	200	0		27441	SVIT Vasad — Sardar Vallabhbhai Institute of Technology	AICTE-approved engineering, management and applied sciences programmes on a 15-acre campus in Vasad, Gujarat. 95% placements, modern labs, vibrant campus life.	SVIT Vasad — Institute of Technology	https://agezrfclusigfqysbxwb.supabase.co/storage/v1/object/public/media/logos/svit.png			1	0
/staff/356-DSS	200	0		27477	SVIT Vasad — Sardar Vallabhbhai Institute of Technology	AICTE-approved engineering, management and applied sciences programmes on a 15-acre campus in Vasad, Gujarat. 95% placements, modern labs, vibrant campus life.	SVIT Vasad — Institute of Technology	https://agezrfclusigfqysbxwb.supabase.co/storage/v1/object/public/media/logos/svit.png			1	0
/staff/358-SPS	200	0		27453	SVIT Vasad — Sardar Vallabhbhai Institute of Technology	AICTE-approved engineering, management and applied sciences programmes on a 15-acre campus in Vasad, Gujarat. 95% placements, modern labs, vibrant campus life.	SVIT Vasad — Institute of Technology	https://agezrfclusigfqysbxwb.supabase.co/storage/v1/object/public/media/logos/svit.png			1	0
/staff/360-JMM	200	0		27469	SVIT Vasad — Sardar Vallabhbhai Institute of Technology	AICTE-approved engineering, management and applied sciences programmes on a 15-acre campus in Vasad, Gujarat. 95% placements, modern labs, vibrant campus life.	SVIT Vasad — Institute of Technology	https://agezrfclusigfqysbxwb.supabase.co/storage/v1/object/public/media/logos/svit.png			1	0
/staff/362-DRJ	200	0		27473	SVIT Vasad — Sardar Vallabhbhai Institute of Technology	AICTE-approved engineering, management and applied sciences programmes on a 15-acre campus in Vasad, Gujarat. 95% placements, modern labs, vibrant campus life.	SVIT Vasad — Institute of Technology	https://agezrfclusigfqysbxwb.supabase.co/storage/v1/object/public/media/logos/svit.png			1	0
/staff/364-SAB	200	0		27457	SVIT Vasad — Sardar Vallabhbhai Institute of Technology	AICTE-approved engineering, management and applied sciences programmes on a 15-acre campus in Vasad, Gujarat. 95% placements, modern labs, vibrant campus life.	SVIT Vasad — Institute of Technology	https://agezrfclusigfqysbxwb.supabase.co/storage/v1/object/public/media/logos/svit.png			1	0
/staff/365-TJG	200	0		27457	SVIT Vasad — Sardar Vallabhbhai Institute of Technology	AICTE-approved engineering, management and applied sciences programmes on a 15-acre campus in Vasad, Gujarat. 95% placements, modern labs, vibrant campus life.	SVIT Vasad — Institute of Technology	https://agezrfclusigfqysbxwb.supabase.co/storage/v1/object/public/media/logos/svit.png			1	0
/staff/369-RRS	200	0		27477	SVIT Vasad — Sardar Vallabhbhai Institute of Technology	AICTE-approved engineering, management and applied sciences programmes on a 15-acre campus in Vasad, Gujarat. 95% placements, modern labs, vibrant campus life.	SVIT Vasad — Institute of Technology	https://agezrfclusigfqysbxwb.supabase.co/storage/v1/object/public/media/logos/svit.png			1	0
/staff/373-COY	200	0		27461	SVIT Vasad — Sardar Vallabhbhai Institute of Technology	AICTE-approved engineering, management and applied sciences programmes on a 15-acre campus in Vasad, Gujarat. 95% placements, modern labs, vibrant campus life.	SVIT Vasad — Institute of Technology	https://agezrfclusigfqysbxwb.supabase.co/storage/v1/object/public/media/logos/svit.png			1	0
/staff/375-SGA	200	0		26340	SVIT Vasad — Sardar Vallabhbhai Institute of Technology	AICTE-approved engineering, management and applied sciences programmes on a 15-acre campus in Vasad, Gujarat. 95% placements, modern labs, vibrant campus life.	SVIT Vasad — Institute of Technology	https://agezrfclusigfqysbxwb.supabase.co/storage/v1/object/public/media/logos/svit.png			0	0
/staff/376-DAP	200	0		27465	SVIT Vasad — Sardar Vallabhbhai Institute of Technology	AICTE-approved engineering, management and applied sciences programmes on a 15-acre campus in Vasad, Gujarat. 95% placements, modern labs, vibrant campus life.	SVIT Vasad — Institute of Technology	https://agezrfclusigfqysbxwb.supabase.co/storage/v1/object/public/media/logos/svit.png			1	0
/staff/377-AHM	200	0		26313	SVIT Vasad — Sardar Vallabhbhai Institute of Technology	AICTE-approved engineering, management and applied sciences programmes on a 15-acre campus in Vasad, Gujarat. 95% placements, modern labs, vibrant campus life.	SVIT Vasad — Institute of Technology	https://agezrfclusigfqysbxwb.supabase.co/storage/v1/object/public/media/logos/svit.png			0	0
/staff/378-AMS	200	0		27485	SVIT Vasad — Sardar Vallabhbhai Institute of Technology	AICTE-approved engineering, management and applied sciences programmes on a 15-acre campus in Vasad, Gujarat. 95% placements, modern labs, vibrant campus life.	SVIT Vasad — Institute of Technology	https://agezrfclusigfqysbxwb.supabase.co/storage/v1/object/public/media/logos/svit.png			1	0
/staff/380-BCS	200	0		26350	SVIT Vasad — Sardar Vallabhbhai Institute of Technology	AICTE-approved engineering, management and applied sciences programmes on a 15-acre campus in Vasad, Gujarat. 95% placements, modern labs, vibrant campus life.	SVIT Vasad — Institute of Technology	https://agezrfclusigfqysbxwb.supabase.co/storage/v1/object/public/media/logos/svit.png			0	0
/staff/381-PMP	200	0		26362	SVIT Vasad — Sardar Vallabhbhai Institute of Technology	AICTE-approved engineering, management and applied sciences programmes on a 15-acre campus in Vasad, Gujarat. 95% placements, modern labs, vibrant campus life.	SVIT Vasad — Institute of Technology	https://agezrfclusigfqysbxwb.supabase.co/storage/v1/object/public/media/logos/svit.png			0	0
/staff/382-AJP	200	0		26342	SVIT Vasad — Sardar Vallabhbhai Institute of Technology	AICTE-approved engineering, management and applied sciences programmes on a 15-acre campus in Vasad, Gujarat. 95% placements, modern labs, vibrant campus life.	SVIT Vasad — Institute of Technology	https://agezrfclusigfqysbxwb.supabase.co/storage/v1/object/public/media/logos/svit.png			0	0
/staff/383-HAP	200	0		26335	SVIT Vasad — Sardar Vallabhbhai Institute of Technology	AICTE-approved engineering, management and applied sciences programmes on a 15-acre campus in Vasad, Gujarat. 95% placements, modern labs, vibrant campus life.	SVIT Vasad — Institute of Technology	https://agezrfclusigfqysbxwb.supabase.co/storage/v1/object/public/media/logos/svit.png			0	0
/staff/384-ABT	200	0		26350	SVIT Vasad — Sardar Vallabhbhai Institute of Technology	AICTE-approved engineering, management and applied sciences programmes on a 15-acre campus in Vasad, Gujarat. 95% placements, modern labs, vibrant campus life.	SVIT Vasad — Institute of Technology	https://agezrfclusigfqysbxwb.supabase.co/storage/v1/object/public/media/logos/svit.png			0	0
/staff/386-CPP	200	0		26360	SVIT Vasad — Sardar Vallabhbhai Institute of Technology	AICTE-approved engineering, management and applied sciences programmes on a 15-acre campus in Vasad, Gujarat. 95% placements, modern labs, vibrant campus life.	SVIT Vasad — Institute of Technology	https://agezrfclusigfqysbxwb.supabase.co/storage/v1/object/public/media/logos/svit.png			0	0
/staff/387-KIP	200	0		26360	SVIT Vasad — Sardar Vallabhbhai Institute of Technology	AICTE-approved engineering, management and applied sciences programmes on a 15-acre campus in Vasad, Gujarat. 95% placements, modern labs, vibrant campus life.	SVIT Vasad — Institute of Technology	https://agezrfclusigfqysbxwb.supabase.co/storage/v1/object/public/media/logos/svit.png			0	0
/staff/40-RMP	200	0		27479	SVIT Vasad — Sardar Vallabhbhai Institute of Technology	AICTE-approved engineering, management and applied sciences programmes on a 15-acre campus in Vasad, Gujarat. 95% placements, modern labs, vibrant campus life.	SVIT Vasad — Institute of Technology	https://agezrfclusigfqysbxwb.supabase.co/storage/v1/object/public/media/logos/svit.png			1	0
/staff/4002-RSP	200	0		27103	SVIT Vasad — Sardar Vallabhbhai Institute of Technology	AICTE-approved engineering, management and applied sciences programmes on a 15-acre campus in Vasad, Gujarat. 95% placements, modern labs, vibrant campus life.	SVIT Vasad — Institute of Technology	https://agezrfclusigfqysbxwb.supabase.co/storage/v1/object/public/media/logos/svit.png			1	0
/staff/4003-KBP	200	0		27542	SVIT Vasad — Sardar Vallabhbhai Institute of Technology	AICTE-approved engineering, management and applied sciences programmes on a 15-acre campus in Vasad, Gujarat. 95% placements, modern labs, vibrant campus life.	SVIT Vasad — Institute of Technology	https://agezrfclusigfqysbxwb.supabase.co/storage/v1/object/public/media/logos/svit.png			1	0
/staff/4004-SVS	200	0		27102	SVIT Vasad — Sardar Vallabhbhai Institute of Technology	AICTE-approved engineering, management and applied sciences programmes on a 15-acre campus in Vasad, Gujarat. 95% placements, modern labs, vibrant campus life.	SVIT Vasad — Institute of Technology	https://agezrfclusigfqysbxwb.supabase.co/storage/v1/object/public/media/logos/svit.png			1	0
/staff/4005-KND	200	0		27091	SVIT Vasad — Sardar Vallabhbhai Institute of Technology	AICTE-approved engineering, management and applied sciences programmes on a 15-acre campus in Vasad, Gujarat. 95% placements, modern labs, vibrant campus life.	SVIT Vasad — Institute of Technology	https://agezrfclusigfqysbxwb.supabase.co/storage/v1/object/public/media/logos/svit.png			1	0
/staff/4006-AKP	200	0		27091	SVIT Vasad — Sardar Vallabhbhai Institute of Technology	AICTE-approved engineering, management and applied sciences programmes on a 15-acre campus in Vasad, Gujarat. 95% placements, modern labs, vibrant campus life.	SVIT Vasad — Institute of Technology	https://agezrfclusigfqysbxwb.supabase.co/storage/v1/object/public/media/logos/svit.png			1	0
/staff/4007-GVT	200	0		27133	SVIT Vasad — Sardar Vallabhbhai Institute of Technology	AICTE-approved engineering, management and applied sciences programmes on a 15-acre campus in Vasad, Gujarat. 95% placements, modern labs, vibrant campus life.	SVIT Vasad — Institute of Technology	https://agezrfclusigfqysbxwb.supabase.co/storage/v1/object/public/media/logos/svit.png			1	0
/staff/4008-SJP	200	0		27097	SVIT Vasad — Sardar Vallabhbhai Institute of Technology	AICTE-approved engineering, management and applied sciences programmes on a 15-acre campus in Vasad, Gujarat. 95% placements, modern labs, vibrant campus life.	SVIT Vasad — Institute of Technology	https://agezrfclusigfqysbxwb.supabase.co/storage/v1/object/public/media/logos/svit.png			1	0
/staff/4009-SBS	200	0		27100	SVIT Vasad — Sardar Vallabhbhai Institute of Technology	AICTE-approved engineering, management and applied sciences programmes on a 15-acre campus in Vasad, Gujarat. 95% placements, modern labs, vibrant campus life.	SVIT Vasad — Institute of Technology	https://agezrfclusigfqysbxwb.supabase.co/storage/v1/object/public/media/logos/svit.png			1	0
/staff/4010-JBM	200	0		27112	SVIT Vasad — Sardar Vallabhbhai Institute of Technology	AICTE-approved engineering, management and applied sciences programmes on a 15-acre campus in Vasad, Gujarat. 95% placements, modern labs, vibrant campus life.	SVIT Vasad — Institute of Technology	https://agezrfclusigfqysbxwb.supabase.co/storage/v1/object/public/media/logos/svit.png			1	0
/staff/4011-HSP	200	0		27088	SVIT Vasad — Sardar Vallabhbhai Institute of Technology	AICTE-approved engineering, management and applied sciences programmes on a 15-acre campus in Vasad, Gujarat. 95% placements, modern labs, vibrant campus life.	SVIT Vasad — Institute of Technology	https://agezrfclusigfqysbxwb.supabase.co/storage/v1/object/public/media/logos/svit.png			1	0
/staff/4012-NPD	200	0		27112	SVIT Vasad — Sardar Vallabhbhai Institute of Technology	AICTE-approved engineering, management and applied sciences programmes on a 15-acre campus in Vasad, Gujarat. 95% placements, modern labs, vibrant campus life.	SVIT Vasad — Institute of Technology	https://agezrfclusigfqysbxwb.supabase.co/storage/v1/object/public/media/logos/svit.png			1	0
/staff/4013-RBP	200	0		27106	SVIT Vasad — Sardar Vallabhbhai Institute of Technology	AICTE-approved engineering, management and applied sciences programmes on a 15-acre campus in Vasad, Gujarat. 95% placements, modern labs, vibrant campus life.	SVIT Vasad — Institute of Technology	https://agezrfclusigfqysbxwb.supabase.co/storage/v1/object/public/media/logos/svit.png			1	0
/staff/4015-FYV	200	0		27091	SVIT Vasad — Sardar Vallabhbhai Institute of Technology	AICTE-approved engineering, management and applied sciences programmes on a 15-acre campus in Vasad, Gujarat. 95% placements, modern labs, vibrant campus life.	SVIT Vasad — Institute of Technology	https://agezrfclusigfqysbxwb.supabase.co/storage/v1/object/public/media/logos/svit.png			1	0
/staff/4017-CHT	200	0		27094	SVIT Vasad — Sardar Vallabhbhai Institute of Technology	AICTE-approved engineering, management and applied sciences programmes on a 15-acre campus in Vasad, Gujarat. 95% placements, modern labs, vibrant campus life.	SVIT Vasad — Institute of Technology	https://agezrfclusigfqysbxwb.supabase.co/storage/v1/object/public/media/logos/svit.png			1	0
/staff/417-DMP	200	0		27077	SVIT Vasad — Sardar Vallabhbhai Institute of Technology	AICTE-approved engineering, management and applied sciences programmes on a 15-acre campus in Vasad, Gujarat. 95% placements, modern labs, vibrant campus life.	SVIT Vasad — Institute of Technology	https://agezrfclusigfqysbxwb.supabase.co/storage/v1/object/public/media/logos/svit.png			1	0
/staff/417-VMP	200	0		26347	SVIT Vasad — Sardar Vallabhbhai Institute of Technology	AICTE-approved engineering, management and applied sciences programmes on a 15-acre campus in Vasad, Gujarat. 95% placements, modern labs, vibrant campus life.	SVIT Vasad — Institute of Technology	https://agezrfclusigfqysbxwb.supabase.co/storage/v1/object/public/media/logos/svit.png			0	0
/staff/42-AAP	200	0		27491	SVIT Vasad — Sardar Vallabhbhai Institute of Technology	AICTE-approved engineering, management and applied sciences programmes on a 15-acre campus in Vasad, Gujarat. 95% placements, modern labs, vibrant campus life.	SVIT Vasad — Institute of Technology	https://agezrfclusigfqysbxwb.supabase.co/storage/v1/object/public/media/logos/svit.png			1	0
/staff/4201-TRP	200	0		27111	SVIT Vasad — Sardar Vallabhbhai Institute of Technology	AICTE-approved engineering, management and applied sciences programmes on a 15-acre campus in Vasad, Gujarat. 95% placements, modern labs, vibrant campus life.	SVIT Vasad — Institute of Technology	https://agezrfclusigfqysbxwb.supabase.co/storage/v1/object/public/media/logos/svit.png			1	0
/staff/4202-CJP	200	0		27085	SVIT Vasad — Sardar Vallabhbhai Institute of Technology	AICTE-approved engineering, management and applied sciences programmes on a 15-acre campus in Vasad, Gujarat. 95% placements, modern labs, vibrant campus life.	SVIT Vasad — Institute of Technology	https://agezrfclusigfqysbxwb.supabase.co/storage/v1/object/public/media/logos/svit.png			1	0
/staff/4205-VVP	200	0		27079	SVIT Vasad — Sardar Vallabhbhai Institute of Technology	AICTE-approved engineering, management and applied sciences programmes on a 15-acre campus in Vasad, Gujarat. 95% placements, modern labs, vibrant campus life.	SVIT Vasad — Institute of Technology	https://agezrfclusigfqysbxwb.supabase.co/storage/v1/object/public/media/logos/svit.png			1	0
/staff/4206-RGB	200	0		27136	SVIT Vasad — Sardar Vallabhbhai Institute of Technology	AICTE-approved engineering, management and applied sciences programmes on a 15-acre campus in Vasad, Gujarat. 95% placements, modern labs, vibrant campus life.	SVIT Vasad — Institute of Technology	https://agezrfclusigfqysbxwb.supabase.co/storage/v1/object/public/media/logos/svit.png			1	0
/staff/4207-JVP	200	0		27103	SVIT Vasad — Sardar Vallabhbhai Institute of Technology	AICTE-approved engineering, management and applied sciences programmes on a 15-acre campus in Vasad, Gujarat. 95% placements, modern labs, vibrant campus life.	SVIT Vasad — Institute of Technology	https://agezrfclusigfqysbxwb.supabase.co/storage/v1/object/public/media/logos/svit.png			1	0
/staff/43-MBP	200	0		27083	SVIT Vasad — Sardar Vallabhbhai Institute of Technology	AICTE-approved engineering, management and applied sciences programmes on a 15-acre campus in Vasad, Gujarat. 95% placements, modern labs, vibrant campus life.	SVIT Vasad — Institute of Technology	https://agezrfclusigfqysbxwb.supabase.co/storage/v1/object/public/media/logos/svit.png			1	0
/staff/5-DLS	200	0		27477	SVIT Vasad — Sardar Vallabhbhai Institute of Technology	AICTE-approved engineering, management and applied sciences programmes on a 15-acre campus in Vasad, Gujarat. 95% placements, modern labs, vibrant campus life.	SVIT Vasad — Institute of Technology	https://agezrfclusigfqysbxwb.supabase.co/storage/v1/object/public/media/logos/svit.png			1	0
/staff/501-NMT	200	0		27465	SVIT Vasad — Sardar Vallabhbhai Institute of Technology	AICTE-approved engineering, management and applied sciences programmes on a 15-acre campus in Vasad, Gujarat. 95% placements, modern labs, vibrant campus life.	SVIT Vasad — Institute of Technology	https://agezrfclusigfqysbxwb.supabase.co/storage/v1/object/public/media/logos/svit.png			1	0
/staff/505-SSH	200	0		27449	SVIT Vasad — Sardar Vallabhbhai Institute of Technology	AICTE-approved engineering, management and applied sciences programmes on a 15-acre campus in Vasad, Gujarat. 95% placements, modern labs, vibrant campus life.	SVIT Vasad — Institute of Technology	https://agezrfclusigfqysbxwb.supabase.co/storage/v1/object/public/media/logos/svit.png			1	0
/staff/506-CGP	200	0		27097	SVIT Vasad — Sardar Vallabhbhai Institute of Technology	AICTE-approved engineering, management and applied sciences programmes on a 15-acre campus in Vasad, Gujarat. 95% placements, modern labs, vibrant campus life.	SVIT Vasad — Institute of Technology	https://agezrfclusigfqysbxwb.supabase.co/storage/v1/object/public/media/logos/svit.png			1	0
/staff/507-SMS	200	0		27433	SVIT Vasad — Sardar Vallabhbhai Institute of Technology	AICTE-approved engineering, management and applied sciences programmes on a 15-acre campus in Vasad, Gujarat. 95% placements, modern labs, vibrant campus life.	SVIT Vasad — Institute of Technology	https://agezrfclusigfqysbxwb.supabase.co/storage/v1/object/public/media/logos/svit.png			1	0
/staff/509-SPS	200	0		27421	SVIT Vasad — Sardar Vallabhbhai Institute of Technology	AICTE-approved engineering, management and applied sciences programmes on a 15-acre campus in Vasad, Gujarat. 95% placements, modern labs, vibrant campus life.	SVIT Vasad — Institute of Technology	https://agezrfclusigfqysbxwb.supabase.co/storage/v1/object/public/media/logos/svit.png			1	0
/staff/510-RVG	200	0		27433	SVIT Vasad — Sardar Vallabhbhai Institute of Technology	AICTE-approved engineering, management and applied sciences programmes on a 15-acre campus in Vasad, Gujarat. 95% placements, modern labs, vibrant campus life.	SVIT Vasad — Institute of Technology	https://agezrfclusigfqysbxwb.supabase.co/storage/v1/object/public/media/logos/svit.png			1	0
/staff/511-SPD	200	0		27433	SVIT Vasad — Sardar Vallabhbhai Institute of Technology	AICTE-approved engineering, management and applied sciences programmes on a 15-acre campus in Vasad, Gujarat. 95% placements, modern labs, vibrant campus life.	SVIT Vasad — Institute of Technology	https://agezrfclusigfqysbxwb.supabase.co/storage/v1/object/public/media/logos/svit.png			1	0
/staff/514-DCP	200	0		27079	SVIT Vasad — Sardar Vallabhbhai Institute of Technology	AICTE-approved engineering, management and applied sciences programmes on a 15-acre campus in Vasad, Gujarat. 95% placements, modern labs, vibrant campus life.	SVIT Vasad — Institute of Technology	https://agezrfclusigfqysbxwb.supabase.co/storage/v1/object/public/media/logos/svit.png			1	0
/staff/515-DMP	200	0		27433	SVIT Vasad — Sardar Vallabhbhai Institute of Technology	AICTE-approved engineering, management and applied sciences programmes on a 15-acre campus in Vasad, Gujarat. 95% placements, modern labs, vibrant campus life.	SVIT Vasad — Institute of Technology	https://agezrfclusigfqysbxwb.supabase.co/storage/v1/object/public/media/logos/svit.png			1	0
/staff/521-HBP	200	0		27098	SVIT Vasad — Sardar Vallabhbhai Institute of Technology	AICTE-approved engineering, management and applied sciences programmes on a 15-acre campus in Vasad, Gujarat. 95% placements, modern labs, vibrant campus life.	SVIT Vasad — Institute of Technology	https://agezrfclusigfqysbxwb.supabase.co/storage/v1/object/public/media/logos/svit.png			1	0
/staff/522-AVP	200	0		27089	SVIT Vasad — Sardar Vallabhbhai Institute of Technology	AICTE-approved engineering, management and applied sciences programmes on a 15-acre campus in Vasad, Gujarat. 95% placements, modern labs, vibrant campus life.	SVIT Vasad — Institute of Technology	https://agezrfclusigfqysbxwb.supabase.co/storage/v1/object/public/media/logos/svit.png			1	0
/staff/525-PAB	200	0		27092	SVIT Vasad — Sardar Vallabhbhai Institute of Technology	AICTE-approved engineering, management and applied sciences programmes on a 15-acre campus in Vasad, Gujarat. 95% placements, modern labs, vibrant campus life.	SVIT Vasad — Institute of Technology	https://agezrfclusigfqysbxwb.supabase.co/storage/v1/object/public/media/logos/svit.png			1	0
/staff/531-MYP	200	0		27031	SVIT Vasad — Sardar Vallabhbhai Institute of Technology	AICTE-approved engineering, management and applied sciences programmes on a 15-acre campus in Vasad, Gujarat. 95% placements, modern labs, vibrant campus life.	SVIT Vasad — Institute of Technology	https://agezrfclusigfqysbxwb.supabase.co/storage/v1/object/public/media/logos/svit.png			1	0
/staff/532-MBP	200	0		27060	SVIT Vasad — Sardar Vallabhbhai Institute of Technology	AICTE-approved engineering, management and applied sciences programmes on a 15-acre campus in Vasad, Gujarat. 95% placements, modern labs, vibrant campus life.	SVIT Vasad — Institute of Technology	https://agezrfclusigfqysbxwb.supabase.co/storage/v1/object/public/media/logos/svit.png			1	0
/staff/56-MDB	200	0		27475	SVIT Vasad — Sardar Vallabhbhai Institute of Technology	AICTE-approved engineering, management and applied sciences programmes on a 15-acre campus in Vasad, Gujarat. 95% placements, modern labs, vibrant campus life.	SVIT Vasad — Institute of Technology	https://agezrfclusigfqysbxwb.supabase.co/storage/v1/object/public/media/logos/svit.png			1	0
/staff/59-THP	200	0		27515	SVIT Vasad — Sardar Vallabhbhai Institute of Technology	AICTE-approved engineering, management and applied sciences programmes on a 15-acre campus in Vasad, Gujarat. 95% placements, modern labs, vibrant campus life.	SVIT Vasad — Institute of Technology	https://agezrfclusigfqysbxwb.supabase.co/storage/v1/object/public/media/logos/svit.png			1	0
/staff/6-PMM	200	0		27457	SVIT Vasad — Sardar Vallabhbhai Institute of Technology	AICTE-approved engineering, management and applied sciences programmes on a 15-acre campus in Vasad, Gujarat. 95% placements, modern labs, vibrant campus life.	SVIT Vasad — Institute of Technology	https://agezrfclusigfqysbxwb.supabase.co/storage/v1/object/public/media/logos/svit.png			1	0
/staff/601-NVS	200	0		27437	SVIT Vasad — Sardar Vallabhbhai Institute of Technology	AICTE-approved engineering, management and applied sciences programmes on a 15-acre campus in Vasad, Gujarat. 95% placements, modern labs, vibrant campus life.	SVIT Vasad — Institute of Technology	https://agezrfclusigfqysbxwb.supabase.co/storage/v1/object/public/media/logos/svit.png			1	0
/staff/605-MHM	200	0		27461	SVIT Vasad — Sardar Vallabhbhai Institute of Technology	AICTE-approved engineering, management and applied sciences programmes on a 15-acre campus in Vasad, Gujarat. 95% placements, modern labs, vibrant campus life.	SVIT Vasad — Institute of Technology	https://agezrfclusigfqysbxwb.supabase.co/storage/v1/object/public/media/logos/svit.png			1	0
/staff/606-PFM	200	0		27485	SVIT Vasad — Sardar Vallabhbhai Institute of Technology	AICTE-approved engineering, management and applied sciences programmes on a 15-acre campus in Vasad, Gujarat. 95% placements, modern labs, vibrant campus life.	SVIT Vasad — Institute of Technology	https://agezrfclusigfqysbxwb.supabase.co/storage/v1/object/public/media/logos/svit.png			1	0
/staff/607-GKC	200	0		27461	SVIT Vasad — Sardar Vallabhbhai Institute of Technology	AICTE-approved engineering, management and applied sciences programmes on a 15-acre campus in Vasad, Gujarat. 95% placements, modern labs, vibrant campus life.	SVIT Vasad — Institute of Technology	https://agezrfclusigfqysbxwb.supabase.co/storage/v1/object/public/media/logos/svit.png			1	0
/staff/608-SAG	200	0		27469	SVIT Vasad — Sardar Vallabhbhai Institute of Technology	AICTE-approved engineering, management and applied sciences programmes on a 15-acre campus in Vasad, Gujarat. 95% placements, modern labs, vibrant campus life.	SVIT Vasad — Institute of Technology	https://agezrfclusigfqysbxwb.supabase.co/storage/v1/object/public/media/logos/svit.png			1	0
/staff/609-PMP	200	0		27477	SVIT Vasad — Sardar Vallabhbhai Institute of Technology	AICTE-approved engineering, management and applied sciences programmes on a 15-acre campus in Vasad, Gujarat. 95% placements, modern labs, vibrant campus life.	SVIT Vasad — Institute of Technology	https://agezrfclusigfqysbxwb.supabase.co/storage/v1/object/public/media/logos/svit.png			1	0
/staff/611-PPP	200	0		27481	SVIT Vasad — Sardar Vallabhbhai Institute of Technology	AICTE-approved engineering, management and applied sciences programmes on a 15-acre campus in Vasad, Gujarat. 95% placements, modern labs, vibrant campus life.	SVIT Vasad — Institute of Technology	https://agezrfclusigfqysbxwb.supabase.co/storage/v1/object/public/media/logos/svit.png			1	0
/staff/613-AIC	200	0		27485	SVIT Vasad — Sardar Vallabhbhai Institute of Technology	AICTE-approved engineering, management and applied sciences programmes on a 15-acre campus in Vasad, Gujarat. 95% placements, modern labs, vibrant campus life.	SVIT Vasad — Institute of Technology	https://agezrfclusigfqysbxwb.supabase.co/storage/v1/object/public/media/logos/svit.png			1	0
/staff/614-PDD	200	0		27477	SVIT Vasad — Sardar Vallabhbhai Institute of Technology	AICTE-approved engineering, management and applied sciences programmes on a 15-acre campus in Vasad, Gujarat. 95% placements, modern labs, vibrant campus life.	SVIT Vasad — Institute of Technology	https://agezrfclusigfqysbxwb.supabase.co/storage/v1/object/public/media/logos/svit.png			1	0
/staff/617-PPS	200	0		27449	SVIT Vasad — Sardar Vallabhbhai Institute of Technology	AICTE-approved engineering, management and applied sciences programmes on a 15-acre campus in Vasad, Gujarat. 95% placements, modern labs, vibrant campus life.	SVIT Vasad — Institute of Technology	https://agezrfclusigfqysbxwb.supabase.co/storage/v1/object/public/media/logos/svit.png			1	0
/staff/626-VSP	200	0		27489	SVIT Vasad — Sardar Vallabhbhai Institute of Technology	AICTE-approved engineering, management and applied sciences programmes on a 15-acre campus in Vasad, Gujarat. 95% placements, modern labs, vibrant campus life.	SVIT Vasad — Institute of Technology	https://agezrfclusigfqysbxwb.supabase.co/storage/v1/object/public/media/logos/svit.png			1	0
/staff/629-PSR	200	0		27086	SVIT Vasad — Sardar Vallabhbhai Institute of Technology	AICTE-approved engineering, management and applied sciences programmes on a 15-acre campus in Vasad, Gujarat. 95% placements, modern labs, vibrant campus life.	SVIT Vasad — Institute of Technology	https://agezrfclusigfqysbxwb.supabase.co/storage/v1/object/public/media/logos/svit.png			1	0
/staff/630-NJP	200	0		27473	SVIT Vasad — Sardar Vallabhbhai Institute of Technology	AICTE-approved engineering, management and applied sciences programmes on a 15-acre campus in Vasad, Gujarat. 95% placements, modern labs, vibrant campus life.	SVIT Vasad — Institute of Technology	https://agezrfclusigfqysbxwb.supabase.co/storage/v1/object/public/media/logos/svit.png			1	0
/staff/633-BSP	200	0		27100	SVIT Vasad — Sardar Vallabhbhai Institute of Technology	AICTE-approved engineering, management and applied sciences programmes on a 15-acre campus in Vasad, Gujarat. 95% placements, modern labs, vibrant campus life.	SVIT Vasad — Institute of Technology	https://agezrfclusigfqysbxwb.supabase.co/storage/v1/object/public/media/logos/svit.png			1	0
/staff/64-EVD	200	0		27447	SVIT Vasad — Sardar Vallabhbhai Institute of Technology	AICTE-approved engineering, management and applied sciences programmes on a 15-acre campus in Vasad, Gujarat. 95% placements, modern labs, vibrant campus life.	SVIT Vasad — Institute of Technology	https://agezrfclusigfqysbxwb.supabase.co/storage/v1/object/public/media/logos/svit.png			1	0
/staff/642-KCP	200	0		27086	SVIT Vasad — Sardar Vallabhbhai Institute of Technology	AICTE-approved engineering, management and applied sciences programmes on a 15-acre campus in Vasad, Gujarat. 95% placements, modern labs, vibrant campus life.	SVIT Vasad — Institute of Technology	https://agezrfclusigfqysbxwb.supabase.co/storage/v1/object/public/media/logos/svit.png			1	0
/staff/643-NSP	200	0		27469	SVIT Vasad — Sardar Vallabhbhai Institute of Technology	AICTE-approved engineering, management and applied sciences programmes on a 15-acre campus in Vasad, Gujarat. 95% placements, modern labs, vibrant campus life.	SVIT Vasad — Institute of Technology	https://agezrfclusigfqysbxwb.supabase.co/storage/v1/object/public/media/logos/svit.png			1	0
/staff/644-MSD	200	0		27453	SVIT Vasad — Sardar Vallabhbhai Institute of Technology	AICTE-approved engineering, management and applied sciences programmes on a 15-acre campus in Vasad, Gujarat. 95% placements, modern labs, vibrant campus life.	SVIT Vasad — Institute of Technology	https://agezrfclusigfqysbxwb.supabase.co/storage/v1/object/public/media/logos/svit.png			1	0
/staff/645-SNR	200	0		27465	SVIT Vasad — Sardar Vallabhbhai Institute of Technology	AICTE-approved engineering, management and applied sciences programmes on a 15-acre campus in Vasad, Gujarat. 95% placements, modern labs, vibrant campus life.	SVIT Vasad — Institute of Technology	https://agezrfclusigfqysbxwb.supabase.co/storage/v1/object/public/media/logos/svit.png			1	0
/staff/646-RKP	200	0		27477	SVIT Vasad — Sardar Vallabhbhai Institute of Technology	AICTE-approved engineering, management and applied sciences programmes on a 15-acre campus in Vasad, Gujarat. 95% placements, modern labs, vibrant campus life.	SVIT Vasad — Institute of Technology	https://agezrfclusigfqysbxwb.supabase.co/storage/v1/object/public/media/logos/svit.png			1	0
/staff/648-NMM	200	0		27469	SVIT Vasad — Sardar Vallabhbhai Institute of Technology	AICTE-approved engineering, management and applied sciences programmes on a 15-acre campus in Vasad, Gujarat. 95% placements, modern labs, vibrant campus life.	SVIT Vasad — Institute of Technology	https://agezrfclusigfqysbxwb.supabase.co/storage/v1/object/public/media/logos/svit.png			1	0
/staff/649-SKD	200	0		27469	SVIT Vasad — Sardar Vallabhbhai Institute of Technology	AICTE-approved engineering, management and applied sciences programmes on a 15-acre campus in Vasad, Gujarat. 95% placements, modern labs, vibrant campus life.	SVIT Vasad — Institute of Technology	https://agezrfclusigfqysbxwb.supabase.co/storage/v1/object/public/media/logos/svit.png			1	0
/staff/650-DKP	200	0		27087	SVIT Vasad — Sardar Vallabhbhai Institute of Technology	AICTE-approved engineering, management and applied sciences programmes on a 15-acre campus in Vasad, Gujarat. 95% placements, modern labs, vibrant campus life.	SVIT Vasad — Institute of Technology	https://agezrfclusigfqysbxwb.supabase.co/storage/v1/object/public/media/logos/svit.png			1	0
/staff/651-SSN	200	0		27086	SVIT Vasad — Sardar Vallabhbhai Institute of Technology	AICTE-approved engineering, management and applied sciences programmes on a 15-acre campus in Vasad, Gujarat. 95% placements, modern labs, vibrant campus life.	SVIT Vasad — Institute of Technology	https://agezrfclusigfqysbxwb.supabase.co/storage/v1/object/public/media/logos/svit.png			1	0
/staff/7-PTA	200	0		27465	SVIT Vasad — Sardar Vallabhbhai Institute of Technology	AICTE-approved engineering, management and applied sciences programmes on a 15-acre campus in Vasad, Gujarat. 95% placements, modern labs, vibrant campus life.	SVIT Vasad — Institute of Technology	https://agezrfclusigfqysbxwb.supabase.co/storage/v1/object/public/media/logos/svit.png			1	0
/staff/702-NRS	200	0		27425	SVIT Vasad — Sardar Vallabhbhai Institute of Technology	AICTE-approved engineering, management and applied sciences programmes on a 15-acre campus in Vasad, Gujarat. 95% placements, modern labs, vibrant campus life.	SVIT Vasad — Institute of Technology	https://agezrfclusigfqysbxwb.supabase.co/storage/v1/object/public/media/logos/svit.png			1	0
/staff/704-JBS	200	0		27433	SVIT Vasad — Sardar Vallabhbhai Institute of Technology	AICTE-approved engineering, management and applied sciences programmes on a 15-acre campus in Vasad, Gujarat. 95% placements, modern labs, vibrant campus life.	SVIT Vasad — Institute of Technology	https://agezrfclusigfqysbxwb.supabase.co/storage/v1/object/public/media/logos/svit.png			1	0
/staff/708-PVB	200	0		27481	SVIT Vasad — Sardar Vallabhbhai Institute of Technology	AICTE-approved engineering, management and applied sciences programmes on a 15-acre campus in Vasad, Gujarat. 95% placements, modern labs, vibrant campus life.	SVIT Vasad — Institute of Technology	https://agezrfclusigfqysbxwb.supabase.co/storage/v1/object/public/media/logos/svit.png			1	0
/staff/709-MMP	200	0		27445	SVIT Vasad — Sardar Vallabhbhai Institute of Technology	AICTE-approved engineering, management and applied sciences programmes on a 15-acre campus in Vasad, Gujarat. 95% placements, modern labs, vibrant campus life.	SVIT Vasad — Institute of Technology	https://agezrfclusigfqysbxwb.supabase.co/storage/v1/object/public/media/logos/svit.png			1	0
/staff/710-BMJ	200	0		27441	SVIT Vasad — Sardar Vallabhbhai Institute of Technology	AICTE-approved engineering, management and applied sciences programmes on a 15-acre campus in Vasad, Gujarat. 95% placements, modern labs, vibrant campus life.	SVIT Vasad — Institute of Technology	https://agezrfclusigfqysbxwb.supabase.co/storage/v1/object/public/media/logos/svit.png			1	0
/staff/711-RVG	200	0		27449	SVIT Vasad — Sardar Vallabhbhai Institute of Technology	AICTE-approved engineering, management and applied sciences programmes on a 15-acre campus in Vasad, Gujarat. 95% placements, modern labs, vibrant campus life.	SVIT Vasad — Institute of Technology	https://agezrfclusigfqysbxwb.supabase.co/storage/v1/object/public/media/logos/svit.png			1	0
/staff/712-NBS	200	0		27453	SVIT Vasad — Sardar Vallabhbhai Institute of Technology	AICTE-approved engineering, management and applied sciences programmes on a 15-acre campus in Vasad, Gujarat. 95% placements, modern labs, vibrant campus life.	SVIT Vasad — Institute of Technology	https://agezrfclusigfqysbxwb.supabase.co/storage/v1/object/public/media/logos/svit.png			1	0
/staff/713-NSV	200	0		27441	SVIT Vasad — Sardar Vallabhbhai Institute of Technology	AICTE-approved engineering, management and applied sciences programmes on a 15-acre campus in Vasad, Gujarat. 95% placements, modern labs, vibrant campus life.	SVIT Vasad — Institute of Technology	https://agezrfclusigfqysbxwb.supabase.co/storage/v1/object/public/media/logos/svit.png			1	0
/staff/717-RBP	200	0		27469	SVIT Vasad — Sardar Vallabhbhai Institute of Technology	AICTE-approved engineering, management and applied sciences programmes on a 15-acre campus in Vasad, Gujarat. 95% placements, modern labs, vibrant campus life.	SVIT Vasad — Institute of Technology	https://agezrfclusigfqysbxwb.supabase.co/storage/v1/object/public/media/logos/svit.png			1	0
/staff/718-KSS	200	0		27457	SVIT Vasad — Sardar Vallabhbhai Institute of Technology	AICTE-approved engineering, management and applied sciences programmes on a 15-acre campus in Vasad, Gujarat. 95% placements, modern labs, vibrant campus life.	SVIT Vasad — Institute of Technology	https://agezrfclusigfqysbxwb.supabase.co/storage/v1/object/public/media/logos/svit.png			1	0
/staff/719-KNU	200	0		27477	SVIT Vasad — Sardar Vallabhbhai Institute of Technology	AICTE-approved engineering, management and applied sciences programmes on a 15-acre campus in Vasad, Gujarat. 95% placements, modern labs, vibrant campus life.	SVIT Vasad — Institute of Technology	https://agezrfclusigfqysbxwb.supabase.co/storage/v1/object/public/media/logos/svit.png			1	0
/staff/722-SMP	200	0		27441	SVIT Vasad — Sardar Vallabhbhai Institute of Technology	AICTE-approved engineering, management and applied sciences programmes on a 15-acre campus in Vasad, Gujarat. 95% placements, modern labs, vibrant campus life.	SVIT Vasad — Institute of Technology	https://agezrfclusigfqysbxwb.supabase.co/storage/v1/object/public/media/logos/svit.png			1	0
/staff/727-RJR	200	0		27069	SVIT Vasad — Sardar Vallabhbhai Institute of Technology	AICTE-approved engineering, management and applied sciences programmes on a 15-acre campus in Vasad, Gujarat. 95% placements, modern labs, vibrant campus life.	SVIT Vasad — Institute of Technology	https://agezrfclusigfqysbxwb.supabase.co/storage/v1/object/public/media/logos/svit.png			1	0
/staff/728-GKP	200	0		27086	SVIT Vasad — Sardar Vallabhbhai Institute of Technology	AICTE-approved engineering, management and applied sciences programmes on a 15-acre campus in Vasad, Gujarat. 95% placements, modern labs, vibrant campus life.	SVIT Vasad — Institute of Technology	https://agezrfclusigfqysbxwb.supabase.co/storage/v1/object/public/media/logos/svit.png			1	0
/staff/743-BYP	200	0		27489	SVIT Vasad — Sardar Vallabhbhai Institute of Technology	AICTE-approved engineering, management and applied sciences programmes on a 15-acre campus in Vasad, Gujarat. 95% placements, modern labs, vibrant campus life.	SVIT Vasad — Institute of Technology	https://agezrfclusigfqysbxwb.supabase.co/storage/v1/object/public/media/logos/svit.png			1	0
/staff/745-ADR	200	0		27513	SVIT Vasad — Sardar Vallabhbhai Institute of Technology	AICTE-approved engineering, management and applied sciences programmes on a 15-acre campus in Vasad, Gujarat. 95% placements, modern labs, vibrant campus life.	SVIT Vasad — Institute of Technology	https://agezrfclusigfqysbxwb.supabase.co/storage/v1/object/public/media/logos/svit.png			1	0
/staff/747-DJP	200	0		27445	SVIT Vasad — Sardar Vallabhbhai Institute of Technology	AICTE-approved engineering, management and applied sciences programmes on a 15-acre campus in Vasad, Gujarat. 95% placements, modern labs, vibrant campus life.	SVIT Vasad — Institute of Technology	https://agezrfclusigfqysbxwb.supabase.co/storage/v1/object/public/media/logos/svit.png			1	0
/staff/748-SDB	200	0		27481	SVIT Vasad — Sardar Vallabhbhai Institute of Technology	AICTE-approved engineering, management and applied sciences programmes on a 15-acre campus in Vasad, Gujarat. 95% placements, modern labs, vibrant campus life.	SVIT Vasad — Institute of Technology	https://agezrfclusigfqysbxwb.supabase.co/storage/v1/object/public/media/logos/svit.png			1	0
/staff/749-MCJ	200	0		27449	SVIT Vasad — Sardar Vallabhbhai Institute of Technology	AICTE-approved engineering, management and applied sciences programmes on a 15-acre campus in Vasad, Gujarat. 95% placements, modern labs, vibrant campus life.	SVIT Vasad — Institute of Technology	https://agezrfclusigfqysbxwb.supabase.co/storage/v1/object/public/media/logos/svit.png			1	0
/staff/752-PSP	200	0		27481	SVIT Vasad — Sardar Vallabhbhai Institute of Technology	AICTE-approved engineering, management and applied sciences programmes on a 15-acre campus in Vasad, Gujarat. 95% placements, modern labs, vibrant campus life.	SVIT Vasad — Institute of Technology	https://agezrfclusigfqysbxwb.supabase.co/storage/v1/object/public/media/logos/svit.png			1	0
/staff/753-RAD	200	0		27481	SVIT Vasad — Sardar Vallabhbhai Institute of Technology	AICTE-approved engineering, management and applied sciences programmes on a 15-acre campus in Vasad, Gujarat. 95% placements, modern labs, vibrant campus life.	SVIT Vasad — Institute of Technology	https://agezrfclusigfqysbxwb.supabase.co/storage/v1/object/public/media/logos/svit.png			1	0
/staff/754-MHS	200	0		27445	SVIT Vasad — Sardar Vallabhbhai Institute of Technology	AICTE-approved engineering, management and applied sciences programmes on a 15-acre campus in Vasad, Gujarat. 95% placements, modern labs, vibrant campus life.	SVIT Vasad — Institute of Technology	https://agezrfclusigfqysbxwb.supabase.co/storage/v1/object/public/media/logos/svit.png			1	0
/staff/755-PAP	200	0		27453	SVIT Vasad — Sardar Vallabhbhai Institute of Technology	AICTE-approved engineering, management and applied sciences programmes on a 15-acre campus in Vasad, Gujarat. 95% placements, modern labs, vibrant campus life.	SVIT Vasad — Institute of Technology	https://agezrfclusigfqysbxwb.supabase.co/storage/v1/object/public/media/logos/svit.png			1	0
/staff/756-AMP	200	0		27465	SVIT Vasad — Sardar Vallabhbhai Institute of Technology	AICTE-approved engineering, management and applied sciences programmes on a 15-acre campus in Vasad, Gujarat. 95% placements, modern labs, vibrant campus life.	SVIT Vasad — Institute of Technology	https://agezrfclusigfqysbxwb.supabase.co/storage/v1/object/public/media/logos/svit.png			1	0
/staff/759-MPP	200	0		27457	SVIT Vasad — Sardar Vallabhbhai Institute of Technology	AICTE-approved engineering, management and applied sciences programmes on a 15-acre campus in Vasad, Gujarat. 95% placements, modern labs, vibrant campus life.	SVIT Vasad — Institute of Technology	https://agezrfclusigfqysbxwb.supabase.co/storage/v1/object/public/media/logos/svit.png			1	0
/staff/760-JKS	200	0		27485	SVIT Vasad — Sardar Vallabhbhai Institute of Technology	AICTE-approved engineering, management and applied sciences programmes on a 15-acre campus in Vasad, Gujarat. 95% placements, modern labs, vibrant campus life.	SVIT Vasad — Institute of Technology	https://agezrfclusigfqysbxwb.supabase.co/storage/v1/object/public/media/logos/svit.png			1	0
/staff/761-MHS	200	0		27509	SVIT Vasad — Sardar Vallabhbhai Institute of Technology	AICTE-approved engineering, management and applied sciences programmes on a 15-acre campus in Vasad, Gujarat. 95% placements, modern labs, vibrant campus life.	SVIT Vasad — Institute of Technology	https://agezrfclusigfqysbxwb.supabase.co/storage/v1/object/public/media/logos/svit.png			1	0
/staff/762-NVP	200	0		27493	SVIT Vasad — Sardar Vallabhbhai Institute of Technology	AICTE-approved engineering, management and applied sciences programmes on a 15-acre campus in Vasad, Gujarat. 95% placements, modern labs, vibrant campus life.	SVIT Vasad — Institute of Technology	https://agezrfclusigfqysbxwb.supabase.co/storage/v1/object/public/media/logos/svit.png			1	0
/staff/763-JMP	200	0		27425	SVIT Vasad — Sardar Vallabhbhai Institute of Technology	AICTE-approved engineering, management and applied sciences programmes on a 15-acre campus in Vasad, Gujarat. 95% placements, modern labs, vibrant campus life.	SVIT Vasad — Institute of Technology	https://agezrfclusigfqysbxwb.supabase.co/storage/v1/object/public/media/logos/svit.png			1	0
/staff/764-HVC	200	0		27078	SVIT Vasad — Sardar Vallabhbhai Institute of Technology	AICTE-approved engineering, management and applied sciences programmes on a 15-acre campus in Vasad, Gujarat. 95% placements, modern labs, vibrant campus life.	SVIT Vasad — Institute of Technology	https://agezrfclusigfqysbxwb.supabase.co/storage/v1/object/public/media/logos/svit.png			1	0
/staff/765-HJB	200	0		27075	SVIT Vasad — Sardar Vallabhbhai Institute of Technology	AICTE-approved engineering, management and applied sciences programmes on a 15-acre campus in Vasad, Gujarat. 95% placements, modern labs, vibrant campus life.	SVIT Vasad — Institute of Technology	https://agezrfclusigfqysbxwb.supabase.co/storage/v1/object/public/media/logos/svit.png			1	0
/staff/766-PJD	200	0		27096	SVIT Vasad — Sardar Vallabhbhai Institute of Technology	AICTE-approved engineering, management and applied sciences programmes on a 15-acre campus in Vasad, Gujarat. 95% placements, modern labs, vibrant campus life.	SVIT Vasad — Institute of Technology	https://agezrfclusigfqysbxwb.supabase.co/storage/v1/object/public/media/logos/svit.png			1	0
/staff/767-SPP	200	0		27078	SVIT Vasad — Sardar Vallabhbhai Institute of Technology	AICTE-approved engineering, management and applied sciences programmes on a 15-acre campus in Vasad, Gujarat. 95% placements, modern labs, vibrant campus life.	SVIT Vasad — Institute of Technology	https://agezrfclusigfqysbxwb.supabase.co/storage/v1/object/public/media/logos/svit.png			1	0
/staff/78-DVB	200	0		27447	SVIT Vasad — Sardar Vallabhbhai Institute of Technology	AICTE-approved engineering, management and applied sciences programmes on a 15-acre campus in Vasad, Gujarat. 95% placements, modern labs, vibrant campus life.	SVIT Vasad — Institute of Technology	https://agezrfclusigfqysbxwb.supabase.co/storage/v1/object/public/media/logos/svit.png			1	0
/staff/804-JNP	200	0		27533	SVIT Vasad — Sardar Vallabhbhai Institute of Technology	AICTE-approved engineering, management and applied sciences programmes on a 15-acre campus in Vasad, Gujarat. 95% placements, modern labs, vibrant campus life.	SVIT Vasad — Institute of Technology	https://agezrfclusigfqysbxwb.supabase.co/storage/v1/object/public/media/logos/svit.png			1	0
/staff/810-SMP	200	0		27489	SVIT Vasad — Sardar Vallabhbhai Institute of Technology	AICTE-approved engineering, management and applied sciences programmes on a 15-acre campus in Vasad, Gujarat. 95% placements, modern labs, vibrant campus life.	SVIT Vasad — Institute of Technology	https://agezrfclusigfqysbxwb.supabase.co/storage/v1/object/public/media/logos/svit.png			1	0
/staff/811-TKK	200	0		27501	SVIT Vasad — Sardar Vallabhbhai Institute of Technology	AICTE-approved engineering, management and applied sciences programmes on a 15-acre campus in Vasad, Gujarat. 95% placements, modern labs, vibrant campus life.	SVIT Vasad — Institute of Technology	https://agezrfclusigfqysbxwb.supabase.co/storage/v1/object/public/media/logos/svit.png			1	0
/staff/82-DMJ	200	0		27447	SVIT Vasad — Sardar Vallabhbhai Institute of Technology	AICTE-approved engineering, management and applied sciences programmes on a 15-acre campus in Vasad, Gujarat. 95% placements, modern labs, vibrant campus life.	SVIT Vasad — Institute of Technology	https://agezrfclusigfqysbxwb.supabase.co/storage/v1/object/public/media/logos/svit.png			1	0
/staff/826-TSP	200	0		27143	SVIT Vasad — Sardar Vallabhbhai Institute of Technology	AICTE-approved engineering, management and applied sciences programmes on a 15-acre campus in Vasad, Gujarat. 95% placements, modern labs, vibrant campus life.	SVIT Vasad — Institute of Technology	https://agezrfclusigfqysbxwb.supabase.co/storage/v1/object/public/media/logos/svit.png			1	0
/staff/827-NHP	200	0		27140	SVIT Vasad — Sardar Vallabhbhai Institute of Technology	AICTE-approved engineering, management and applied sciences programmes on a 15-acre campus in Vasad, Gujarat. 95% placements, modern labs, vibrant campus life.	SVIT Vasad — Institute of Technology	https://agezrfclusigfqysbxwb.supabase.co/storage/v1/object/public/media/logos/svit.png			1	0
/staff/828-ACP	200	0		27102	SVIT Vasad — Sardar Vallabhbhai Institute of Technology	AICTE-approved engineering, management and applied sciences programmes on a 15-acre campus in Vasad, Gujarat. 95% placements, modern labs, vibrant campus life.	SVIT Vasad — Institute of Technology	https://agezrfclusigfqysbxwb.supabase.co/storage/v1/object/public/media/logos/svit.png			1	0
/staff/837-VMV	200	0		27127	SVIT Vasad — Sardar Vallabhbhai Institute of Technology	AICTE-approved engineering, management and applied sciences programmes on a 15-acre campus in Vasad, Gujarat. 95% placements, modern labs, vibrant campus life.	SVIT Vasad — Institute of Technology	https://agezrfclusigfqysbxwb.supabase.co/storage/v1/object/public/media/logos/svit.png			1	0
/staff/838-RMJ	200	0		27142	SVIT Vasad — Sardar Vallabhbhai Institute of Technology	AICTE-approved engineering, management and applied sciences programmes on a 15-acre campus in Vasad, Gujarat. 95% placements, modern labs, vibrant campus life.	SVIT Vasad — Institute of Technology	https://agezrfclusigfqysbxwb.supabase.co/storage/v1/object/public/media/logos/svit.png			1	0
/staff/86-PRS	200	0		27417	SVIT Vasad — Sardar Vallabhbhai Institute of Technology	AICTE-approved engineering, management and applied sciences programmes on a 15-acre campus in Vasad, Gujarat. 95% placements, modern labs, vibrant campus life.	SVIT Vasad — Institute of Technology	https://agezrfclusigfqysbxwb.supabase.co/storage/v1/object/public/media/logos/svit.png			1	0
/staff/9-ABS	200	0		27476	SVIT Vasad — Sardar Vallabhbhai Institute of Technology	AICTE-approved engineering, management and applied sciences programmes on a 15-acre campus in Vasad, Gujarat. 95% placements, modern labs, vibrant campus life.	SVIT Vasad — Institute of Technology	https://agezrfclusigfqysbxwb.supabase.co/storage/v1/object/public/media/logos/svit.png			1	0
/staff/91-HJP	200	0		27091	SVIT Vasad — Sardar Vallabhbhai Institute of Technology	AICTE-approved engineering, management and applied sciences programmes on a 15-acre campus in Vasad, Gujarat. 95% placements, modern labs, vibrant campus life.	SVIT Vasad — Institute of Technology	https://agezrfclusigfqysbxwb.supabase.co/storage/v1/object/public/media/logos/svit.png			1	0
/staff/925-AKA	200	0		27421	SVIT Vasad — Sardar Vallabhbhai Institute of Technology	AICTE-approved engineering, management and applied sciences programmes on a 15-acre campus in Vasad, Gujarat. 95% placements, modern labs, vibrant campus life.	SVIT Vasad — Institute of Technology	https://agezrfclusigfqysbxwb.supabase.co/storage/v1/object/public/media/logos/svit.png			1	0
/staff/95-NBV	200	0		27474	SVIT Vasad — Sardar Vallabhbhai Institute of Technology	AICTE-approved engineering, management and applied sciences programmes on a 15-acre campus in Vasad, Gujarat. 95% placements, modern labs, vibrant campus life.	SVIT Vasad — Institute of Technology	https://agezrfclusigfqysbxwb.supabase.co/storage/v1/object/public/media/logos/svit.png			1	0
/staff/97-PDD	200	0		27467	SVIT Vasad — Sardar Vallabhbhai Institute of Technology	AICTE-approved engineering, management and applied sciences programmes on a 15-acre campus in Vasad, Gujarat. 95% placements, modern labs, vibrant campus life.	SVIT Vasad — Institute of Technology	https://agezrfclusigfqysbxwb.supabase.co/storage/v1/object/public/media/logos/svit.png			1	0
/staff/98-DPP	200	0		27491	SVIT Vasad — Sardar Vallabhbhai Institute of Technology	AICTE-approved engineering, management and applied sciences programmes on a 15-acre campus in Vasad, Gujarat. 95% placements, modern labs, vibrant campus life.	SVIT Vasad — Institute of Technology	https://agezrfclusigfqysbxwb.supabase.co/storage/v1/object/public/media/logos/svit.png			1	0
/staff/999-MMP	200	0		27493	SVIT Vasad — Sardar Vallabhbhai Institute of Technology	AICTE-approved engineering, management and applied sciences programmes on a 15-acre campus in Vasad, Gujarat. 95% placements, modern labs, vibrant campus life.	SVIT Vasad — Institute of Technology	https://agezrfclusigfqysbxwb.supabase.co/storage/v1/object/public/media/logos/svit.png			1	0
/student-corner	200	0		39694	Societies — SVIT Vasad	Student, faculty and innovation centres at SVIT Vasad.	SVIT Vasad — Institute of Technology	https://agezrfclusigfqysbxwb.supabase.co/storage/v1/object/public/media/logos/svit.png			1	0
/student-corner/coe	200	0		40938	Centre of Excellence (CoE) — Societies — SVIT Vasad	The Centre of Excellence hosts advanced project work with industry partners in areas like AI, IoT, sustainability and cyber-security.	SVIT Vasad — Institute of Technology	https://agezrfclusigfqysbxwb.supabase.co/storage/v1/object/public/media/logos/svit.png			1	0
/student-corner/edc	200	0		40900	Entrepreneurship Development Cell (EDC) — Societies — SVIT Vasad	EDC mentors student entrepreneurs from ideation to pitch — with incubation support, mentor networks and pitch events.	SVIT Vasad — Institute of Technology	https://agezrfclusigfqysbxwb.supabase.co/storage/v1/object/public/media/logos/svit.png			1	0
/student-corner/gdg	200	0		40982	Google Developer Groups (GDG) — Societies — SVIT Vasad	The GDG chapter at SVIT runs study jams, DevFests and workshops on Google technologies — Android, Firebase, Cloud, Flutter and Web.	SVIT Vasad — Institute of Technology	https://agezrfclusigfqysbxwb.supabase.co/storage/v1/object/public/media/logos/svit.png			1	0
/student-corner/iipc	200	0		40901	Industry-Institute Partnership Cell (IIPC) — Societies — SVIT Vasad	IIPC drives industry engagement — MOUs, expert lectures, industrial visits, internships and consultancy projects.	SVIT Vasad — Institute of Technology	https://agezrfclusigfqysbxwb.supabase.co/storage/v1/object/public/media/logos/svit.png			1	0
/student-corner/iste-faculty	200	0		40837	ISTE Faculty Chapter — Societies — SVIT Vasad	Faculty chapter that drives Faculty Development Programmes (FDPs), pedagogy workshops and academic research collaborations.	SVIT Vasad — Institute of Technology	https://agezrfclusigfqysbxwb.supabase.co/storage/v1/object/public/media/logos/svit.png			1	0
/student-corner/iste-student	200	0		40924	ISTE Student Chapter — Societies — SVIT Vasad	Student chapter of ISTE — organises technical talks, workshops and student conferences that build wider engineering community.	SVIT Vasad — Institute of Technology	https://agezrfclusigfqysbxwb.supabase.co/storage/v1/object/public/media/logos/svit.png			1	0
/student-corner/sc-st	200	0		40796	SC/ST Cell — Societies — SVIT Vasad	The SC/ST Cell ensures inclusive support, scholarships, mentoring and grievance redressal for SC/ST students on campus.	SVIT Vasad — Institute of Technology	https://agezrfclusigfqysbxwb.supabase.co/storage/v1/object/public/media/logos/svit.png			1	0
/student-corner/ssip	200	0		40857	Student Startup &amp; Innovation Policy (SSIP) — Societies — SVIT Vasad	SSIP supports student innovators with grants, IP support and access to state-level startup schemes.	SVIT Vasad — Institute of Technology	https://agezrfclusigfqysbxwb.supabase.co/storage/v1/object/public/media/logos/svit.png			1	0
/student-login	200	0		27276	Student Login — SVIT Vasad	AICTE-approved engineering, management and applied sciences programmes on a 15-acre campus in Vasad, Gujarat. 95% placements, modern labs, vibrant campus life.	SVIT Vasad — Institute of Technology	https://agezrfclusigfqysbxwb.supabase.co/storage/v1/object/public/media/logos/svit.png			1	0
